module,path,area,lines_total,bytes,theorem_lemma_lexical,def_lexical,declarations_lexical,imports_count,strictly_same_normalized_theorem_type_members,cross_module_same_type_members,near_type_candidate_hits,index_unresolved_or_private,approx_alias_like_source_proofs,noncomment_nonblank_lines,content_sha256,matched_public_theorems,direct_proof_dependencies_to_other_source_theorems,theorems_with_source_theorem_reuse,proof_dependencies_incoming_to_this_module,counted_core106_declarations,same_type_groups_with_no_direct_internal_reuse,source_origin
UEOT,formalization/ueot-core/UEOT.lean,root,84,3142,0,0,0,83,0,0,0,0,0,83,a6116e93678c1484136bcd61091c0258985e97ac633cb9b73c30824468f744df,0,0,0,0,0,0,UEOT_MAINTAINED
UEOT.Core.Access,formalization/ueot-core/UEOT/Core/Access.lean,Core,101,3853,8,5,13,3,0,0,0,0,0,82,e582f478d70da6357f9cf8d12e65ed8e6f382411e0ad12b0d12c59461d5190b3,8,9,6,5,0,0,UEOT_MAINTAINED
UEOT.Core.Blocker,formalization/ueot-core/UEOT/Core/Blocker.lean,Core,111,3512,8,3,11,2,0,0,0,0,0,94,784e3e5aa5432decb490d89962465fc79b9eca49250a13bd230b79092eedb41f,8,5,4,6,1,0,UEOT_MAINTAINED
UEOT.Core.Dynamics,formalization/ueot-core/UEOT/Core/Dynamics.lean,Core,81,3036,8,4,12,1,0,0,0,0,0,64,8f30289a9364efb271dfce92250063208ef0cb8bd1f4c64b5d2967e525750edf,8,2,1,2,0,0,UEOT_MAINTAINED
UEOT.Core.Finite,formalization/ueot-core/UEOT/Core/Finite.lean,Core,30,992,2,1,3,2,0,0,0,0,1,24,a87afe5b560c9f9cfb6bceee2a6d49b41c8313f2f7d61d422903c8a0423cec09,2,0,0,13,0,0,UEOT_MAINTAINED
UEOT.Core.Prediction,formalization/ueot-core/UEOT/Core/Prediction.lean,Core,87,3315,11,5,16,1,0,0,0,0,0,63,3ea815d60777412cfde4c65143654100d587eb6dd567e212345e7d08922a9909,11,1,1,2,0,0,UEOT_MAINTAINED
UEOT.Core.Resolution,formalization/ueot-core/UEOT/Core/Resolution.lean,Core,70,2125,7,4,11,1,0,0,0,0,0,54,e92facd507913ffac52bb28df3b1c9dfdf57210d8c64573fe25995bbfb27e8fc,7,0,0,2,1,0,UEOT_MAINTAINED
UEOT.Core.Reward,formalization/ueot-core/UEOT/Core/Reward.lean,Core,65,2245,7,2,9,4,0,0,0,0,1,51,fb13ea6d2e09dd98313365a360b078868cb224221ca083067cbc39262c364824,7,4,4,6,0,0,UEOT_MAINTAINED
UEOT.V3,formalization/ueot-core/UEOT/V3.lean,root,194,7679,0,0,0,193,0,0,0,0,0,193,1592b9947ccfe6fe027cb43b3298b9c37055f12d2a0c023d7aaa141ea4b5a62d,0,0,0,0,0,0,UEOT_MAINTAINED
UEOT.V3.Access,formalization/ueot-core/UEOT/V3/Access.lean,V3/general,77,3939,6,1,7,3,0,0,0,0,0,65,dcf4de4803c7fb95066b6caa81e689df4598e3ae70c374546a266206d34a33c7,6,7,5,5,2,0,UEOT_MAINTAINED
UEOT.V3.Agency,formalization/ueot-core/UEOT/V3/Agency.lean,V3/general,64,1853,3,4,8,2,0,0,0,0,0,40,5ff5a0fcbfaa7eb2fd0baceeea8455320bcb3d2668eec973409c36bd0b94b645,3,1,1,1,1,0,UEOT_MAINTAINED
UEOT.V3.AlignmentGlobalExactness,formalization/ueot-core/UEOT/V3/AlignmentGlobalExactness.lean,V3/general,576,25287,28,14,44,9,0,0,0,0,0,512,b25ff295a1686cb2e03085ae40e280b01bd049be2aa4008cd61bf5b8a28db781,28,29,18,29,1,0,UEOT_MAINTAINED
UEOT.V3.AlignmentParentValue,formalization/ueot-core/UEOT/V3/AlignmentParentValue.lean,V3/general,115,4651,2,0,2,5,2,2,0,0,0,81,dc112064d55f4055d23499df3bdf3cadbaeed2be2cae34fbdc069cf357bebe0a,2,1,1,1,1,2,UEOT_MAINTAINED
UEOT.V3.AlignmentThreshold,formalization/ueot-core/UEOT/V3/AlignmentThreshold.lean,V3/general,69,2514,2,2,4,4,0,0,0,0,0,40,3a326c9d6dc5ce529eb4012b74dc1d3fefe9a87fbdd0cb2b66847d4d4a0008b3,2,1,1,1,1,0,UEOT_MAINTAINED
UEOT.V3.AverageErrorTransport,formalization/ueot-core/UEOT/V3/AverageErrorTransport.lean,V3/general,101,3994,4,0,4,3,2,0,0,0,0,70,60cc6d0d118db8c26a1c696cd56eac3b4c2db8618eb3cd367c4f981c51a073cb,4,5,4,3,1,0,UEOT_MAINTAINED
UEOT.V3.BernoulliKLMonotone,formalization/ueot-core/UEOT/V3/BernoulliKLMonotone.lean,V3/general,118,4183,7,1,8,5,0,0,0,0,1,97,1d1ccfd0343f911b3d5ce390f93216bac18f6fe32827555c5c8b939c04b0feb7,7,9,4,7,0,0,UEOT_MAINTAINED
UEOT.V3.BinaryTesting,formalization/ueot-core/UEOT/V3/BinaryTesting.lean,V3/general,145,6211,5,1,6,4,0,0,0,1,0,106,fe69e3bea87ede4fb308caaf75543e686776feaabd80500554a3930fc93e7ca6,4,7,3,5,1,0,UEOT_MAINTAINED
UEOT.V3.BlockerNaturality,formalization/ueot-core/UEOT/V3/BlockerNaturality.lean,V3/general,91,3445,5,4,9,2,0,0,0,0,0,76,3bb0d20c3d5b5b476beb8900122434dbe2f80ce2bcdfaab27908290f1dc3f378,5,6,3,4,1,0,UEOT_MAINTAINED
UEOT.V3.BoundedLossSampling,formalization/ueot-core/UEOT/V3/BoundedLossSampling.lean,V3/general,118,4715,2,2,4,5,0,0,1,0,0,95,bf39554af17ef5848554212c13362a5fcdf0f0739ef656b982b4e5f9c480c21f,2,1,1,3,0,0,UEOT_MAINTAINED
UEOT.V3.BoundedLossTwoSided,formalization/ueot-core/UEOT/V3/BoundedLossTwoSided.lean,V3/general,193,7947,3,0,3,2,0,0,1,0,0,174,38b0d02c99b2aeeb22074b55fef0b36a5d7e7b9131da3f0b53a651d43e05cc30,3,4,3,6,0,0,UEOT_MAINTAINED
UEOT.V3.CTMCLumpability,formalization/ueot-core/UEOT/V3/CTMCLumpability.lean,V3/general,195,7101,8,3,11,2,0,0,0,0,0,143,98ec702dee982d4812bfaed7d29e823023e5443d7b99a4e12791a49db466a3be,8,6,5,10,0,0,UEOT_MAINTAINED
UEOT.V3.CTMCSemigroup,formalization/ueot-core/UEOT/V3/CTMCSemigroup.lean,V3/general,210,8739,10,4,14,7,0,0,0,0,0,158,149634b067232b04ecf32196afb9b11569a29d990dda3f1c2100ada52f6ab24f,10,7,4,7,0,0,UEOT_MAINTAINED
UEOT.V3.CTMCSemigroupNonnegative,formalization/ueot-core/UEOT/V3/CTMCSemigroupNonnegative.lean,V3/general,120,4924,4,0,4,2,0,0,0,0,0,89,48b4e0749ee2bcfb21e2575edd7ec057135f9bbe1572438e9ac37b8a92a26285,4,6,3,2,1,0,UEOT_MAINTAINED
UEOT.V3.ClosureResolution,formalization/ueot-core/UEOT/V3/ClosureResolution.lean,V3/general,257,8724,16,4,21,2,0,0,0,0,0,212,6ff5ab1b067e2c6ab0038ead300f6ea568417befb4c3b1f1759e546a2c0d9eef,16,24,10,25,2,0,UEOT_MAINTAINED
UEOT.V3.CommonBottleneckRank,formalization/ueot-core/UEOT/V3/CommonBottleneckRank.lean,V3/general,137,5519,3,6,9,4,0,0,1,0,0,74,2f0ec39d4ec46c5f00e74726c9c27d6add7699651dd85b67e09ef38341546d7e,3,2,2,3,1,0,UEOT_MAINTAINED
UEOT.V3.CompactArgmaxSelector,formalization/ueot-core/UEOT/V3/CompactArgmaxSelector.lean,V3/general,357,13806,23,9,33,5,0,0,0,0,1,303,6721730c64e4fb003167a54a640c15ed4f79557b55a3779915709e4f6a5ce550,23,32,16,34,0,0,UEOT_MAINTAINED
UEOT.V3.CompactCausalOptimalityCore,formalization/ueot-core/UEOT/V3/CompactCausalOptimalityCore.lean,V3/general,858,37741,30,7,40,5,0,0,0,0,0,776,0f0e76ca109ec7e33679d12938f1536e17eee9f013538a58583b1bd2b5dddba2,30,49,20,50,0,0,UEOT_MAINTAINED
UEOT.V3.CompactFellerControl,formalization/ueot-core/UEOT/V3/CompactFellerControl.lean,V3/general,336,13212,19,10,30,9,0,0,0,0,3,264,9b43dc7f50a80bb46e804be4a4e1b9a7cb5ca6ea1ecf4a1345222068e7cce367,19,25,14,21,1,0,UEOT_MAINTAINED
UEOT.V3.CompositionBooleanAtoms,formalization/ueot-core/UEOT/V3/CompositionBooleanAtoms.lean,V3/general,239,8923,12,5,17,1,0,0,0,0,0,179,4201510525528b3be630f241ecf9cfe920e0bf38c3d8130f77063b0866bdae74,12,16,8,16,1,0,UEOT_MAINTAINED
UEOT.V3.CompositionCarrierLift,formalization/ueot-core/UEOT/V3/CompositionCarrierLift.lean,V3/general,121,4989,3,5,8,1,0,0,0,0,0,71,163836b1a0708bd072590ae6876010806d6a5c4b5302ed5d3847a25a0b395ea5,3,3,2,3,1,0,UEOT_MAINTAINED
UEOT.V3.CompositionFinitePartitions,formalization/ueot-core/UEOT/V3/CompositionFinitePartitions.lean,V3/general,141,5342,7,6,13,4,0,0,0,0,0,82,f01d455e8f2c6c139e458f23f46175b948b817f88844fc5cc8a9a136b3fced26,7,4,4,5,0,0,UEOT_MAINTAINED
UEOT.V3.CompositionInterventionJS,formalization/ueot-core/UEOT/V3/CompositionInterventionJS.lean,V3/general,270,11686,16,4,20,3,0,0,0,0,1,207,4c439ef3822551d0c613a4f60278448269977bbfa1a4acad8599c4b77cb6e7e6,16,15,8,16,1,0,UEOT_MAINTAINED
UEOT.V3.CompositionMargin,formalization/ueot-core/UEOT/V3/CompositionMargin.lean,V3/general,93,3518,2,2,4,3,0,0,0,1,0,64,bfd3fdd4357de79abfe2cf61e0d92dcc00ae1fec226f6b3f083e7e4f7f1fea22,1,0,0,1,1,0,UEOT_MAINTAINED
UEOT.V3.CompositionParentInformation,formalization/ueot-core/UEOT/V3/CompositionParentInformation.lean,V3/general,116,4713,3,2,5,3,0,0,0,0,0,74,ab1d2132301fd8702ced31e6ba2bb74ec784c453dd424a13fe535d1503c1b64d,3,6,2,2,1,0,UEOT_MAINTAINED
UEOT.V3.CompositionPathInformation,formalization/ueot-core/UEOT/V3/CompositionPathInformation.lean,V3/general,311,11591,12,10,22,5,0,0,0,0,0,206,bfe473ba0b985125d1807409635bd3f89fa117dbef96a4a3b820da89c6e68e76,12,7,6,10,0,0,UEOT_MAINTAINED
UEOT.V3.CompositionPathKernelProduct,formalization/ueot-core/UEOT/V3/CompositionPathKernelProduct.lean,V3/general,214,8239,6,4,10,3,0,0,0,0,0,151,b9308e5a62fe393ab6f8a47386f35742bebe87eccc3e53894a277ec05abc0c45,6,9,6,6,0,0,UEOT_MAINTAINED
UEOT.V3.CompositionPathSource,formalization/ueot-core/UEOT/V3/CompositionPathSource.lean,V3/general,156,6257,5,3,8,3,0,0,0,0,2,79,7d366574868ad2bad3fa43f97496c1cff34ee657e0461ac623f8e58b9e70e516,5,3,2,1,1,0,UEOT_MAINTAINED
UEOT.V3.CompositionWindow,formalization/ueot-core/UEOT/V3/CompositionWindow.lean,V3/general,83,3367,1,0,1,4,0,0,0,0,0,62,3487b571879e8b9ab24c828becee6ee48e6ce40a9709c260094cf43fbec6c987,1,0,0,0,1,0,UEOT_MAINTAINED
UEOT.V3.Compression,formalization/ueot-core/UEOT/V3/Compression.lean,V3/general,168,7070,0,0,0,163,0,0,0,0,0,163,5dda55654e0763460bd10caa0964126baeb67ec9b7227c747b7a14b97b41e595,0,0,0,0,0,0,UEOT_MAINTAINED
UEOT.V3.Compression.ActionGapGaugeStability,formalization/ueot-core/UEOT/V3/Compression/ActionGapGaugeStability.lean,Compression/root,234,9870,6,0,6,1,0,0,0,0,0,182,f58c70abdbaf9434550a89ad03204d3ae2affa8dbc6b0d7e5541cdc441363971,6,14,6,8,0,0,UEOT_MAINTAINED
UEOT.V3.Compression.AgencyGodGoaAssembly,formalization/ueot-core/UEOT/V3/Compression/AgencyGodGoaAssembly.lean,Compression/root,314,12461,6,4,11,5,0,0,0,0,0,234,f55e2a4f389fd2730f1487cf34f2b09360d736e79a2ddf6b93c8b53f8f9f6b14,6,16,6,15,0,0,UEOT_MAINTAINED
UEOT.V3.Compression.ApproximateGoaGaugeStability,formalization/ueot-core/UEOT/V3/Compression/ApproximateGoaGaugeStability.lean,Compression/root,185,7817,3,0,3,1,0,0,0,0,0,143,cfea69063db345463c98465513cf9d8023583a0dc9cbb5914e48f54e6bbd04e2,3,15,3,4,0,0,UEOT_MAINTAINED
UEOT.V3.Compression.ApproximateGoaTracking,formalization/ueot-core/UEOT/V3/Compression/ApproximateGoaTracking.lean,Compression/root,307,12608,4,1,5,5,0,0,0,0,0,255,3973e860dfe8833d9c5e8b0bd1ac55a81c8cda9565bb05ba754a42020fc42b0c,4,14,4,4,0,0,UEOT_MAINTAINED
UEOT.V3.Compression.ApproximateHistoryEncoder,formalization/ueot-core/UEOT/V3/Compression/ApproximateHistoryEncoder.lean,Compression/root,276,10861,6,3,9,1,0,0,0,0,0,218,d5c629cbe90c83e0b9cc7d32562cb306e6fbdf0c6fb38c38c207225f359c2b6d,6,5,3,0,0,0,UEOT_MAINTAINED
UEOT.V3.Compression.ApproximateQuotientGauge,formalization/ueot-core/UEOT/V3/Compression/ApproximateQuotientGauge.lean,Compression/root,220,8011,11,3,14,1,0,0,0,0,0,159,6a9d7a5cb73d7056c8340657e1eaccdad2b64a77219a8ae96eba80b8a3803574,11,14,6,12,0,0,UEOT_MAINTAINED
UEOT.V3.Compression.ApproximateRecurrentGaugeStability,formalization/ueot-core/UEOT/V3/Compression/ApproximateRecurrentGaugeStability.lean,Compression/root,133,5344,2,0,2,2,0,0,0,0,0,86,fc3bd19780d6c480c6a6ee0f7a77b41eb30755775e29cc81963230dd74c14eb3,2,5,2,0,0,0,UEOT_MAINTAINED
UEOT.V3.Compression.ApproximateSemanticGauge,formalization/ueot-core/UEOT/V3/Compression/ApproximateSemanticGauge.lean,Compression/root,249,10023,8,1,9,4,0,0,0,0,0,194,8b95d01cc0e1f8ba3d42ef497ef80c7d7264ebf16bfda459a791517a5d72d151,8,16,7,9,0,0,UEOT_MAINTAINED
UEOT.V3.Compression.BayesianRecursiveClosure,formalization/ueot-core/UEOT/V3/Compression/BayesianRecursiveClosure.lean,Compression/root,212,8469,7,2,9,2,1,1,0,0,1,165,c3da9bb2fdd2e79c8cd90fd8ca5e0ef06c994aaeb44f2f9165f39a1082d7344f,7,4,3,2,0,0,UEOT_MAINTAINED
UEOT.V3.Compression.CesaroOccupationGaugeInvariance,formalization/ueot-core/UEOT/V3/Compression/CesaroOccupationGaugeInvariance.lean,Compression/root,179,6628,5,0,5,2,0,0,0,0,1,144,994433b58f30861062ce37af9f9f1875290d22b90a875eeca4cf6089e7c1b39f,5,13,5,4,0,0,UEOT_MAINTAINED
UEOT.V3.Compression.ContractiveFixedPoint,formalization/ueot-core/UEOT/V3/Compression/ContractiveFixedPoint.lean,Compression/root,292,10916,16,2,20,2,2,2,1,0,1,215,df69c4a1b74e42c8e3fe573e8eebb6533e286ab52448f18c4dba370d91396e37,16,28,12,39,0,2,UEOT_MAINTAINED
UEOT.V3.Compression.CrossTrack,formalization/ueot-core/UEOT/V3/Compression/CrossTrack.lean,Compression/root,55,3085,0,0,0,29,0,0,0,0,0,29,4a9c6f37efdc2dca28eba56121e7e82cc7625f0de07332d6d3a47f8b53841d05,0,0,0,0,0,0,UEOT_MAINTAINED
UEOT.V3.Compression.CrossTrack.DualIsolationBenchmark,formalization/ueot-core/UEOT/V3/Compression/CrossTrack/DualIsolationBenchmark.lean,Compression/CrossTrack,154,6471,6,2,8,2,0,0,0,0,0,116,24cf223ce0467ecb094b4f5e121b8ff5a9e417d4eab4ea4b90b1d727ad40810d,6,12,3,6,0,0,UEOT_MAINTAINED
UEOT.V3.Compression.CrossTrack.DualIsolationCanonical,formalization/ueot-core/UEOT/V3/Compression/CrossTrack/DualIsolationCanonical.lean,Compression/CrossTrack,82,3146,2,0,2,1,0,0,0,0,0,53,18b0188ffbf13eba70fbbb298b27781a89e35e77fc887fc94cbe19de2172f935,2,3,2,1,0,0,UEOT_MAINTAINED
UEOT.V3.Compression.CrossTrack.DualIsolationConorm,formalization/ueot-core/UEOT/V3/Compression/CrossTrack/DualIsolationConorm.lean,Compression/CrossTrack,131,4781,7,3,10,1,0,0,0,0,0,92,cfafbbc34dea0f5fd982691fe247cb9484904d1a9ffb99691debfe6b87d24061,7,9,6,16,0,0,UEOT_MAINTAINED
UEOT.V3.Compression.CrossTrack.DualIsolationCore,formalization/ueot-core/UEOT/V3/Compression/CrossTrack/DualIsolationCore.lean,Compression/CrossTrack,215,8146,5,0,6,1,0,0,0,0,0,161,f75f8deedff13ddae1dbd2ba0ae67f2c277adde648dd587c3494541a2e000e0c,5,5,3,10,0,0,UEOT_MAINTAINED
UEOT.V3.Compression.CrossTrack.DualIsolationDecoderRadius,formalization/ueot-core/UEOT/V3/Compression/CrossTrack/DualIsolationDecoderRadius.lean,Compression/CrossTrack,105,3901,3,0,3,2,0,0,0,0,0,76,61a482e3c1707449f14d02b2ced1444fbbc8e9a3f59a27e32efc3e3c96fdc064,3,5,3,2,0,0,UEOT_MAINTAINED
UEOT.V3.Compression.CrossTrack.DualIsolationDynamic,formalization/ueot-core/UEOT/V3/Compression/CrossTrack/DualIsolationDynamic.lean,Compression/CrossTrack,100,3961,2,0,2,2,0,0,0,0,0,75,15020a88b4b986be956a54e33e6e9e2dcb49fe9eb3fc49ad23f99b0d1faf8238,2,3,2,1,0,0,UEOT_MAINTAINED
UEOT.V3.Compression.CrossTrack.DualIsolationNoGo,formalization/ueot-core/UEOT/V3/Compression/CrossTrack/DualIsolationNoGo.lean,Compression/CrossTrack,62,2350,2,2,4,2,0,0,0,0,0,35,4a37390dc58821d9170e46533abcdddceaadfd5a0183e784db2110ce64a1ce44,2,4,2,1,0,0,UEOT_MAINTAINED
UEOT.V3.Compression.CrossTrack.DualIsolationPMetBenchmark,formalization/ueot-core/UEOT/V3/Compression/CrossTrack/DualIsolationPMetBenchmark.lean,Compression/CrossTrack,154,6788,5,2,7,3,0,0,0,0,2,117,29c827147197367ad44d014fca92a564abeb1b4045f20278056f84b897fb4e24,5,15,3,2,0,0,UEOT_MAINTAINED
UEOT.V3.Compression.CrossTrack.DualIsolationPMetRealization,formalization/ueot-core/UEOT/V3/Compression/CrossTrack/DualIsolationPMetRealization.lean,Compression/CrossTrack,218,8350,5,1,7,2,0,0,0,0,0,164,1a8659d233de8d85de05273c42cdcea8d80c633c6cf7a97a7d08a9f85a8afb22,5,4,4,4,0,0,UEOT_MAINTAINED
UEOT.V3.Compression.CrossTrack.DualIsolationResolution,formalization/ueot-core/UEOT/V3/Compression/CrossTrack/DualIsolationResolution.lean,Compression/CrossTrack,92,3543,2,0,2,2,0,0,0,0,0,64,dc28c2a639c0d51160e734c0147c35546034ec9aa054658c65b85432c401c3bb,2,3,2,1,0,0,UEOT_MAINTAINED
UEOT.V3.Compression.CrossTrack.EndogenousCandidateFormation,formalization/ueot-core/UEOT/V3/Compression/CrossTrack/EndogenousCandidateFormation.lean,Compression/CrossTrack,313,13022,10,4,14,4,0,0,0,0,0,227,bde918d174b28f1dbf308196b6525a6331dec7e783161f364244c6b4febf682a,10,8,7,6,0,0,UEOT_MAINTAINED
UEOT.V3.Compression.CrossTrack.EndogenousConstitutivePersistence,formalization/ueot-core/UEOT/V3/Compression/CrossTrack/EndogenousConstitutivePersistence.lean,Compression/CrossTrack,323,13482,11,4,16,2,0,0,0,0,1,224,dc81a30d42a7c10bef3944032c9dc26f53645026599bb0f90347e167c9db589d,11,19,6,10,0,0,UEOT_MAINTAINED
UEOT.V3.Compression.CrossTrack.EndogenousObjectSynthesis,formalization/ueot-core/UEOT/V3/Compression/CrossTrack/EndogenousObjectSynthesis.lean,Compression/CrossTrack,154,7166,4,0,5,2,0,0,0,0,2,107,5a9c3d2cbbb2dae57cf01d84edce124a9cb2f8eab59335b69bb004203111af12,4,4,3,3,0,0,UEOT_MAINTAINED
UEOT.V3.Compression.CrossTrack.InteractionBindingDynamic,formalization/ueot-core/UEOT/V3/Compression/CrossTrack/InteractionBindingDynamic.lean,Compression/CrossTrack,144,6321,2,0,2,2,0,0,0,0,0,120,7e9cbfa15085be559d20fa4758aff2d6998f46e71dbe0150b22d0e0313824575,2,8,2,1,0,0,UEOT_MAINTAINED
UEOT.V3.Compression.CrossTrack.InteractionBindingIsolation,formalization/ueot-core/UEOT/V3/Compression/CrossTrack/InteractionBindingIsolation.lean,Compression/CrossTrack,428,18179,14,5,20,3,0,0,0,0,0,355,dfd4df69d188d210e99fa44d68aa95cc5fb5884885f6df30abce69b5a5afb264,14,30,13,23,0,0,UEOT_MAINTAINED
UEOT.V3.Compression.CrossTrack.InteractionPCompJS,formalization/ueot-core/UEOT/V3/Compression/CrossTrack/InteractionPCompJS.lean,Compression/CrossTrack,66,2311,2,1,3,2,0,0,0,0,0,40,6334166cbe1b4bd8a04f1461cfc749b6c7baaa4832e57804c0a5baefa600ead6,2,3,2,1,0,0,UEOT_MAINTAINED
UEOT.V3.Compression.CrossTrack.InteractionPersistenceSeparations,formalization/ueot-core/UEOT/V3/Compression/CrossTrack/InteractionPersistenceSeparations.lean,Compression/CrossTrack,93,3113,4,4,8,2,0,0,0,0,0,60,c323d94032b44927ce7e42931974781dc0a3ccc8248e10081714c016cb5734bc,4,2,2,4,0,0,UEOT_MAINTAINED
UEOT.V3.Compression.CrossTrack.InteractionProbeSelection,formalization/ueot-core/UEOT/V3/Compression/CrossTrack/InteractionProbeSelection.lean,Compression/CrossTrack,64,2110,3,0,3,2,0,0,0,0,0,40,febeaa62d475bbfdad796a2ff5e425c65c652b42d1b67e5d7f10b56fea4e1878,3,3,2,1,0,0,UEOT_MAINTAINED
UEOT.V3.Compression.CrossTrack.PCompParentSemantic,formalization/ueot-core/UEOT/V3/Compression/CrossTrack/PCompParentSemantic.lean,Compression/CrossTrack,156,6010,3,2,6,2,0,0,0,0,0,111,9604f8d0bd83f463d0de403c7e866a7b6a159824ea97a70be5cf314afa98c87a,3,3,3,3,0,0,UEOT_MAINTAINED
UEOT.V3.Compression.CrossTrack.ParentBindingDiagnosticNoGo,formalization/ueot-core/UEOT/V3/Compression/CrossTrack/ParentBindingDiagnosticNoGo.lean,Compression/CrossTrack,61,2182,4,2,6,1,0,0,0,0,1,32,0877d3c84c0871a51c9472305d5fb139bdf8e2fc919c48381e84ff333210c92a,4,3,2,2,0,0,UEOT_MAINTAINED
UEOT.V3.Compression.CrossTrack.ParentBindingDynamic,formalization/ueot-core/UEOT/V3/Compression/CrossTrack/ParentBindingDynamic.lean,Compression/CrossTrack,227,9016,5,1,6,2,0,0,0,0,0,183,e11ce9c5f1600c50d8a93f04f53e0bce95e750c129e41cf37b7fdd952b91d311,5,8,5,7,0,0,UEOT_MAINTAINED
UEOT.V3.Compression.CrossTrack.ParentBindingNoGo,formalization/ueot-core/UEOT/V3/Compression/CrossTrack/ParentBindingNoGo.lean,Compression/CrossTrack,140,4981,7,3,10,2,0,0,0,0,2,103,0f0577dadcbfa1056be3f1e0acab797e637c95d8f8ba2c65706d98ba8358a18a,7,12,3,5,0,0,UEOT_MAINTAINED
UEOT.V3.Compression.CrossTrack.ParentBindingPComp,formalization/ueot-core/UEOT/V3/Compression/CrossTrack/ParentBindingPComp.lean,Compression/CrossTrack,128,4637,2,0,2,2,0,0,0,0,0,90,c9791a8dbf2fba4097aa09c4978bbf99ceec22ec4b1c953fbbbaca5738f86e54,2,2,2,1,0,0,UEOT_MAINTAINED
UEOT.V3.Compression.CrossTrack.ParentBindingStatic,formalization/ueot-core/UEOT/V3/Compression/CrossTrack/ParentBindingStatic.lean,Compression/CrossTrack,150,5396,3,0,4,2,0,0,0,0,0,101,262a771d613e6785bffca3eb4497eda57bccf759a5afaaa4715c8ecb122599e3,3,3,2,6,0,0,UEOT_MAINTAINED
UEOT.V3.Compression.CrossTrack.ParentSemanticCore,formalization/ueot-core/UEOT/V3/Compression/CrossTrack/ParentSemanticCore.lean,Compression/CrossTrack,97,3752,1,3,4,5,0,0,0,0,0,66,40d85765f65dd54da03e5de3723adcb4c55dacd703c0c90a02bfa28a1953aa05,1,4,1,4,0,0,UEOT_MAINTAINED
UEOT.V3.Compression.CrossTrack.ParentSemanticDescent,formalization/ueot-core/UEOT/V3/Compression/CrossTrack/ParentSemanticDescent.lean,Compression/CrossTrack,74,2501,3,0,3,1,0,0,0,0,1,47,646bca9beabcac93037772087cdfb33181a9408f66de9f075f8f39b012579439,3,2,2,0,0,0,UEOT_MAINTAINED
UEOT.V3.Compression.CrossTrack.ParentSemanticNoGo,formalization/ueot-core/UEOT/V3/Compression/CrossTrack/ParentSemanticNoGo.lean,Compression/CrossTrack,107,3816,7,3,10,1,0,0,0,0,0,73,3768d32bba452f35b11222fb0df3a8f3da0f882b4619bfe22483b5d188729aa4,7,16,6,27,0,0,UEOT_MAINTAINED
UEOT.V3.Compression.CrossTrack.ParentSemanticStability,formalization/ueot-core/UEOT/V3/Compression/CrossTrack/ParentSemanticStability.lean,Compression/CrossTrack,123,4398,3,0,3,1,0,0,0,0,0,91,179a7170d83516e5f95a29d4fe3d1ee2e773218528858a9fd8313a1a180c6d3a,3,3,3,7,0,0,UEOT_MAINTAINED
UEOT.V3.Compression.CrossTrack.RobustParentSemanticCertificate,formalization/ueot-core/UEOT/V3/Compression/CrossTrack/RobustParentSemanticCertificate.lean,Compression/CrossTrack,87,3123,2,0,3,1,0,0,0,0,0,60,3f3dc234a2e9dfae257e2a116b2ff3a7e0a6f5b7245b44d0b7946a0333cfb2b7,2,2,2,3,0,0,UEOT_MAINTAINED
UEOT.V3.Compression.FiniteRecurrentGaugeBridge,formalization/ueot-core/UEOT/V3/Compression/FiniteRecurrentGaugeBridge.lean,Compression/root,178,7012,8,1,9,2,0,0,0,0,0,133,f30af90855f522acc74c0015e114afca21747a4be1d751992857c529ddb4e127,8,9,4,7,0,0,UEOT_MAINTAINED
UEOT.V3.Compression.GaugeSemanticTransfer,formalization/ueot-core/UEOT/V3/Compression/GaugeSemanticTransfer.lean,Compression/root,210,8312,3,1,4,2,0,0,0,0,0,158,f5ef15e6dcc5e6c8390f141f70458b07cef0aa4e5b18c0a3db128f72a5043610,3,8,2,4,0,0,UEOT_MAINTAINED
UEOT.V3.Compression.GoaGaugeInvariance,formalization/ueot-core/UEOT/V3/Compression/GoaGaugeInvariance.lean,Compression/root,314,12590,13,3,16,3,0,0,0,0,0,237,2e81f53d663a9321884b4d8dbf082aef10ce28e604eb5d77cfd0c49cd1470daf,13,21,10,65,0,0,UEOT_MAINTAINED
UEOT.V3.Compression.Hierarchy,formalization/ueot-core/UEOT/V3/Compression/Hierarchy.lean,Compression/root,16,502,0,0,0,2,0,0,0,0,0,4,cb810c755dc4f7ac456b3b806cd2f43efe2d6f757be01b688c8db7460ddf8fd0,0,0,0,0,0,0,UEOT_MAINTAINED
UEOT.V3.Compression.Hierarchy.ParentAssemblyResidual,formalization/ueot-core/UEOT/V3/Compression/Hierarchy/ParentAssemblyResidual.lean,Compression/Hierarchy,105,3805,8,3,11,2,0,0,0,8,0,81,4cc410b36eeb9043b62fdad5af4b636b7b6e0b99de183a851290198868ef79be,3,1,1,0,0,0,UEOT_MAINTAINED
UEOT.V3.Compression.Hierarchy.Separations,formalization/ueot-core/UEOT/V3/Compression/Hierarchy/Separations.lean,Compression/Hierarchy,43,1571,2,0,2,2,0,0,0,0,0,33,25e02d60c39cd09bbf8d7c21ad5c4354156bc1004eccbffa150eec4684504221,2,0,0,1,0,0,UEOT_MAINTAINED
UEOT.V3.Compression.HistoryEncoderExactClosure,formalization/ueot-core/UEOT/V3/Compression/HistoryEncoderExactClosure.lean,Compression/root,126,5127,1,2,3,2,0,0,0,0,0,98,f61b4435daa1fdf5f9855604de7267d1688c8805baec0e25a160684507c317cf,1,1,1,0,0,0,UEOT_MAINTAINED
UEOT.V3.Compression.InvariantSetGaugeInvariance,formalization/ueot-core/UEOT/V3/Compression/InvariantSetGaugeInvariance.lean,Compression/root,146,5545,5,2,7,1,0,0,0,0,2,105,39b96d8cd15df6e5732442b6264d4f24509be39e9f3eef7030aaabecc5ece03f,5,11,4,7,0,0,UEOT_MAINTAINED
UEOT.V3.Compression.MetricGaugeInvariance,formalization/ueot-core/UEOT/V3/Compression/MetricGaugeInvariance.lean,Compression/root,284,10963,9,1,10,2,0,0,0,0,0,217,87e8b0b02117523c37d93e831470430f77a5bb56b9b51adba6bbe12500daac26,9,24,8,14,0,0,UEOT_MAINTAINED
UEOT.V3.Compression.MovingEncoderGaugeClosure,formalization/ueot-core/UEOT/V3/Compression/MovingEncoderGaugeClosure.lean,Compression/root,159,5705,9,2,11,1,0,0,0,0,0,114,8b55daa09fe179af0b8bd0b9b46626f6b0cea10c9bde5a88f79699cb490f3a92,9,11,7,12,0,0,UEOT_MAINTAINED
UEOT.V3.Compression.MovingEncoderSemanticGoaClosure,formalization/ueot-core/UEOT/V3/Compression/MovingEncoderSemanticGoaClosure.lean,Compression/root,518,23569,15,6,21,3,0,0,0,0,0,434,f52232fee0029f02c090c74f0329b86cf7212c21658e542a0c33ee81fec46e3c,15,34,10,22,0,0,UEOT_MAINTAINED
UEOT.V3.Compression.Objecthood,formalization/ueot-core/UEOT/V3/Compression/Objecthood.lean,Compression/root,60,3816,0,0,0,50,0,0,0,0,0,50,3bfea364d51abca80ab6a6e24fe082de82c123bb215e60d153843a88301e3196,0,0,0,0,0,0,UEOT_MAINTAINED
UEOT.V3.Compression.Objecthood.AbsorbedDiscountedRepair,formalization/ueot-core/UEOT/V3/Compression/Objecthood/AbsorbedDiscountedRepair.lean,Compression/Objecthood,233,10064,7,4,11,4,0,0,0,1,0,189,6cbd9dfdea4932df9adb59c5f8a9d3225aea173658cdb979484f35e4598ea9c3,6,4,4,4,0,0,UEOT_MAINTAINED
UEOT.V3.Compression.Objecthood.AbsorbedRepairHittingSemantics,formalization/ueot-core/UEOT/V3/Compression/Objecthood/AbsorbedRepairHittingSemantics.lean,Compression/Objecthood,457,19950,18,3,21,4,0,0,0,3,0,386,c2ea541792619ff6f6bf191656b00ca682b85c5680f56a09af662aad190c0ca3,15,35,14,36,0,0,UEOT_MAINTAINED
UEOT.V3.Compression.Objecthood.AutonomousSelfStabilization,formalization/ueot-core/UEOT/V3/Compression/Objecthood/AutonomousSelfStabilization.lean,Compression/Objecthood,414,17549,13,3,17,2,0,0,0,0,3,331,22bb122b8191a8be3b383c6971a149384dd5147e636526bd5c0b2cdf029d0581,13,16,9,23,0,0,UEOT_MAINTAINED
UEOT.V3.Compression.Objecthood.CanonicalStationaryRepair,formalization/ueot-core/UEOT/V3/Compression/Objecthood/CanonicalStationaryRepair.lean,Compression/Objecthood,100,3784,4,1,5,2,0,0,0,0,1,71,e871a69bc3b67e4c86fd777fc3684a745ced5e23c98adbde50d17e5f44f8a190,4,0,0,1,0,0,UEOT_MAINTAINED
UEOT.V3.Compression.Objecthood.ControllerRepair,formalization/ueot-core/UEOT/V3/Compression/Objecthood/ControllerRepair.lean,Compression/Objecthood,207,8061,9,3,12,1,0,0,0,0,2,149,cab1f1bcbcb0abec1adc62ba383fddcebc5d7148bd9e71840323578ac11ebe6b,9,8,5,11,0,0,UEOT_MAINTAINED
UEOT.V3.Compression.Objecthood.ControllerSelfStabilization,formalization/ueot-core/UEOT/V3/Compression/Objecthood/ControllerSelfStabilization.lean,Compression/Objecthood,134,5017,2,0,3,1,0,0,0,0,0,102,f7f6aad960c93ca7e53d0f10b47e4e0e5562cd883d8d69cbfc089243f7dea9b6,2,8,2,1,0,0,UEOT_MAINTAINED
UEOT.V3.Compression.Objecthood.EndogenousRepairCertificate,formalization/ueot-core/UEOT/V3/Compression/Objecthood/EndogenousRepairCertificate.lean,Compression/Objecthood,163,6176,8,2,10,2,0,0,0,0,0,148,dd1adaccaa0b246384bf96239843d7f0fa1c7c4e8ce2fa44ca6eb923d5ffaf26,8,12,7,9,0,0,UEOT_MAINTAINED
UEOT.V3.Compression.Objecthood.EndogenousRepairRank,formalization/ueot-core/UEOT/V3/Compression/Objecthood/EndogenousRepairRank.lean,Compression/Objecthood,151,5043,8,2,10,1,0,0,0,0,2,135,ba1497a55af93779b0e03dd107142d8f2f7b68724ce8c89bb2053e741e25c0a5,8,9,5,11,0,0,UEOT_MAINTAINED
UEOT.V3.Compression.Objecthood.EventualAlwaysLegitimacy,formalization/ueot-core/UEOT/V3/Compression/Objecthood/EventualAlwaysLegitimacy.lean,Compression/Objecthood,175,6761,5,3,8,2,0,0,0,0,0,161,89c21655071837b7a9166732e30e24bf290a6de1e042662745e14826737907d9,5,10,4,6,0,0,UEOT_MAINTAINED
UEOT.V3.Compression.Objecthood.ExactPathLawDiscountedHittingTransform,formalization/ueot-core/UEOT/V3/Compression/Objecthood/ExactPathLawDiscountedHittingTransform.lean,Compression/Objecthood,735,33025,25,8,33,3,0,0,0,7,0,637,2d8591c57f563800f4cb15defa3c6d95c0e97b3537f1c67660ab4dcae3c20e7f,18,29,12,21,0,0,UEOT_MAINTAINED
UEOT.V3.Compression.Objecthood.FailureRepairabilityBoundary,formalization/ueot-core/UEOT/V3/Compression/Objecthood/FailureRepairabilityBoundary.lean,Compression/Objecthood,317,13068,10,10,20,3,0,0,0,0,1,222,7b79d56e9e62a59a455628fd1d3b6991c7e68e8e6709d83396b4cf5a917f4e42,10,11,6,7,0,0,UEOT_MAINTAINED
UEOT.V3.Compression.Objecthood.FinitePolicyAbelianStationaryWitness,formalization/ueot-core/UEOT/V3/Compression/Objecthood/FinitePolicyAbelianStationaryWitness.lean,Compression/Objecthood,298,13220,10,2,12,4,0,0,0,2,0,268,6287425e0ef52c2dd9f9cce5de66659f588a4a1e6dcf3f90f98354d68bf596f0,8,17,4,11,0,0,UEOT_MAINTAINED
UEOT.V3.Compression.Objecthood.FiniteStationaryHittingExpectation,formalization/ueot-core/UEOT/V3/Compression/Objecthood/FiniteStationaryHittingExpectation.lean,Compression/Objecthood,402,16408,15,1,16,3,0,0,0,3,1,349,51ee5ceee5e0e7104ae1d58c69cf99ea1531e7fda0e26915bef6fc880e503ba4,12,26,11,12,0,0,UEOT_MAINTAINED
UEOT.V3.Compression.Objecthood.FormedParentSelfRepairSynthesis,formalization/ueot-core/UEOT/V3/Compression/Objecthood/FormedParentSelfRepairSynthesis.lean,Compression/Objecthood,505,23292,12,2,16,3,0,0,0,0,5,406,507d81d7a375a5a7e802bb1c7288c5f2e2057ccc5a1f58b9dfed54d1203e131a,12,10,9,9,0,0,UEOT_MAINTAINED
UEOT.V3.Compression.Objecthood.GeneralCausalDiscountedDirection,formalization/ueot-core/UEOT/V3/Compression/Objecthood/GeneralCausalDiscountedDirection.lean,Compression/Objecthood,626,28006,21,2,23,4,0,0,0,15,0,572,a4ac6693bd5b77d963772e3c9523a813edd5d2e41bce1371c42c5d186a66d342,7,14,6,8,0,0,UEOT_MAINTAINED
UEOT.V3.Compression.Objecthood.GeneralCausalRepairBoundary,formalization/ueot-core/UEOT/V3/Compression/Objecthood/GeneralCausalRepairBoundary.lean,Compression/Objecthood,105,4254,1,5,7,2,0,0,0,0,0,76,3a59e5377ea576d9661e82b5f921a35cb42ec27347c73628420f91a3655e1340,1,1,1,1,0,0,UEOT_MAINTAINED
UEOT.V3.Compression.Objecthood.GeneralCausalRepairSynthesis,formalization/ueot-core/UEOT/V3/Compression/Objecthood/GeneralCausalRepairSynthesis.lean,Compression/Objecthood,139,6359,5,0,5,2,0,0,0,0,0,109,5dc06e8fcadc6bec6b885cac17626e9d3f5e4420e5e811c566e4e988315b6d99,5,9,5,2,0,0,UEOT_MAINTAINED
UEOT.V3.Compression.Objecthood.GeneralCausalStationaryCompleteness,formalization/ueot-core/UEOT/V3/Compression/Objecthood/GeneralCausalStationaryCompleteness.lean,Compression/Objecthood,73,3222,4,0,4,1,0,0,0,0,1,53,87b096abe282894c63af213d6d52a22b44aeb86d6f1ed1addb383a3fd794d47b,4,7,4,11,0,0,UEOT_MAINTAINED
UEOT.V3.Compression.Objecthood.Homeostasis.CanonicalBurden.CanonicalFaultBurden,formalization/ueot-core/UEOT/V3/Compression/Objecthood/Homeostasis/CanonicalBurden/CanonicalFaultBurden.lean,Compression/Objecthood,109,4019,5,3,8,1,0,0,0,0,0,95,4b80e5ba409130410138dc48dc646294f6334ccb467f11aec58917c1c05c5d11,5,3,3,6,0,0,UEOT_MAINTAINED
UEOT.V3.Compression.Objecthood.Homeostasis.CanonicalBurden.DownstreamTightening,formalization/ueot-core/UEOT/V3/Compression/Objecthood/Homeostasis/CanonicalBurden/DownstreamTightening.lean,Compression/Objecthood,107,4644,6,0,6,2,0,0,0,0,0,85,043eccf9c2f7b1f571f5ecbc9281508972f18ccacf4f0790a6a018e05eeaa46f,6,7,6,6,0,0,UEOT_MAINTAINED
UEOT.V3.Compression.Objecthood.Homeostasis.CanonicalBurden.LeastFaultBurden,formalization/ueot-core/UEOT/V3/Compression/Objecthood/Homeostasis/CanonicalBurden/LeastFaultBurden.lean,Compression/Objecthood,90,2921,5,2,7,1,0,0,0,0,2,77,5946059f4bcf8732651e2ddeafef78392c5c176e30e0fc0e92c70791fbe72e97,5,2,2,5,0,0,UEOT_MAINTAINED
UEOT.V3.Compression.Objecthood.Homeostasis.CanonicalBurden.ObjecthoodCanonicalBurden,formalization/ueot-core/UEOT/V3/Compression/Objecthood/Homeostasis/CanonicalBurden/ObjecthoodCanonicalBurden.lean,Compression/Objecthood,240,10580,3,2,5,2,0,0,0,0,1,221,f981cfe028d492b5a3b9e1670d5c54078b1029c64a0e0252a0af69d9980a703a,3,7,2,0,0,0,UEOT_MAINTAINED
UEOT.V3.Compression.Objecthood.Homeostasis.CertifiedHomeostaticMargin,formalization/ueot-core/UEOT/V3/Compression/Objecthood/Homeostasis/CertifiedHomeostaticMargin.lean,Compression/Objecthood,129,4964,11,6,17,1,0,0,0,1,0,97,763fb9d68d2ea8ac73cc60d5bacbdc9abe47e4ef3c4dfdc95ebd251f37fd7de5,10,8,3,10,0,0,UEOT_MAINTAINED
UEOT.V3.Compression.Objecthood.Homeostasis.CesaroHomeostasis,formalization/ueot-core/UEOT/V3/Compression/Objecthood/Homeostasis/CesaroHomeostasis.lean,Compression/Objecthood,397,15573,13,4,17,2,0,0,0,0,0,362,5cf5b5d3c0dc5954bcbf41a3f0e8ce765cd1ab8718f6cfc45994b7cc1cf14056,13,24,7,29,0,0,UEOT_MAINTAINED
UEOT.V3.Compression.Objecthood.Homeostasis.FaultBurden,formalization/ueot-core/UEOT/V3/Compression/Objecthood/Homeostasis/FaultBurden.lean,Compression/Objecthood,141,5468,2,1,4,1,0,0,0,0,0,118,e949b4c3c9a5cf2302e690daee7abd792f42e95a64f7d0e8c248a18a41a54b07,2,2,2,2,0,0,UEOT_MAINTAINED
UEOT.V3.Compression.Objecthood.Homeostasis.FiniteHorizonHomeostasis,formalization/ueot-core/UEOT/V3/Compression/Objecthood/Homeostasis/FiniteHorizonHomeostasis.lean,Compression/Objecthood,528,21814,18,4,22,2,0,0,0,0,0,478,6cffa4a20f508369db1b7c4a6f75a093d60092d68d415f414d2439d45f99e9f2,18,28,11,35,0,0,UEOT_MAINTAINED
UEOT.V3.Compression.Objecthood.Homeostasis.HomeostasisSemantics,formalization/ueot-core/UEOT/V3/Compression/Objecthood/Homeostasis/HomeostasisSemantics.lean,Compression/Objecthood,178,6943,10,8,18,1,1,1,0,4,0,147,9a4e4d5d114f63d16d1b8e0278fab732a24d248f82633bc50e005878ab4041f7,6,3,2,4,0,0,UEOT_MAINTAINED
UEOT.V3.Compression.Objecthood.Homeostasis.HomeostaticOperationalParent,formalization/ueot-core/UEOT/V3/Compression/Objecthood/Homeostasis/HomeostaticOperationalParent.lean,Compression/Objecthood,286,12716,4,1,6,2,0,0,0,0,2,259,5a59e10f35a14cdc8e0f2f437277da8085e801c872a43b4b1269702998bebc57,4,8,3,0,0,0,UEOT_MAINTAINED
UEOT.V3.Compression.Objecthood.Homeostasis.MixedHomeostaticDrift,formalization/ueot-core/UEOT/V3/Compression/Objecthood/Homeostasis/MixedHomeostaticDrift.lean,Compression/Objecthood,215,9077,4,2,6,1,0,0,0,0,0,186,06e54a3b159cebbdb52ed921510a2c9e00e5ef164a399fac1ac03c76e7c655d6,4,9,4,10,0,0,UEOT_MAINTAINED
UEOT.V3.Compression.Objecthood.Homeostasis.RecurrentFaultSystem,formalization/ueot-core/UEOT/V3/Compression/Objecthood/Homeostasis/RecurrentFaultSystem.lean,Compression/Objecthood,221,9508,5,4,10,3,0,0,0,0,0,187,9aa731b5462e8ffbda67e4cb559937b98634f64028ba8c3f76593d7bb23047f1,5,10,4,24,0,0,UEOT_MAINTAINED
UEOT.V3.Compression.Objecthood.Homeostasis.SemanticHomeostasis,formalization/ueot-core/UEOT/V3/Compression/Objecthood/Homeostasis/SemanticHomeostasis.lean,Compression/Objecthood,119,4659,3,2,5,1,0,0,0,0,0,102,10e9f6d169be13df1f08ad1a64ab566a3a6a7d03b3d83109d164d32df6957edf,3,4,2,3,0,0,UEOT_MAINTAINED
UEOT.V3.Compression.Objecthood.JointHomeostasis,formalization/ueot-core/UEOT/V3/Compression/Objecthood/JointHomeostasis.lean,Compression/Objecthood,16,817,0,0,0,9,0,0,0,0,0,9,eeaf282b11b86c31297481cdfc0b56814a374c105abfc3bf48800ec48259f085,0,0,0,0,0,0,UEOT_MAINTAINED
UEOT.V3.Compression.Objecthood.JointHomeostasis.Boundaries,formalization/ueot-core/UEOT/V3/Compression/Objecthood/JointHomeostasis/Boundaries.lean,Compression/Objecthood,167,7062,7,3,10,5,2,2,1,0,2,127,6a54b6c2b714d37e8aeb8a726985eee9b09aa0ea84e3fd2d7567755f8f20750a,7,5,4,2,0,0,UEOT_MAINTAINED
UEOT.V3.Compression.Objecthood.JointHomeostasis.FiniteBurden,formalization/ueot-core/UEOT/V3/Compression/Objecthood/JointHomeostasis/FiniteBurden.lean,Compression/Objecthood,332,14902,6,3,10,2,0,0,0,1,0,299,54ac435f17e7a6f01f1e5d5d150224428846de776b4da937ffcc67b9133246d1,5,13,4,13,0,0,UEOT_MAINTAINED
UEOT.V3.Compression.Objecthood.JointHomeostasis.FiniteJointState,formalization/ueot-core/UEOT/V3/Compression/Objecthood/JointHomeostasis/FiniteJointState.lean,Compression/Objecthood,82,3328,0,2,2,1,0,0,0,0,0,44,3cec8f371ff100d80d42da2cd871838acada12584fefb9d8d6c5aa3cb757dd8a,0,0,0,0,0,0,UEOT_MAINTAINED
UEOT.V3.Compression.Objecthood.JointHomeostasis.JointFaultSystem,formalization/ueot-core/UEOT/V3/Compression/Objecthood/JointHomeostasis/JointFaultSystem.lean,Compression/Objecthood,218,9309,3,1,5,2,0,0,0,0,0,174,fa63bcb2c0f150149482e30aef3a5312959b4ad3b8a6ff0c2d6d8b77e0d7464d,3,6,2,2,0,0,UEOT_MAINTAINED
UEOT.V3.Compression.Objecthood.JointHomeostasis.JointPotential,formalization/ueot-core/UEOT/V3/Compression/Objecthood/JointHomeostasis/JointPotential.lean,Compression/Objecthood,213,9560,4,3,7,3,0,0,0,0,0,186,d73b01e1decdcf5608faf25e5297ae673395eb6e986bc06b66d324ed42e10b68,4,8,3,12,0,0,UEOT_MAINTAINED
UEOT.V3.Compression.Objecthood.JointHomeostasis.LongRunHomeostasis,formalization/ueot-core/UEOT/V3/Compression/Objecthood/JointHomeostasis/LongRunHomeostasis.lean,Compression/Objecthood,259,11953,5,0,5,4,0,0,0,0,1,229,169ad46baa89f627e560b4ad584d53ea6246a82a5aa7d95803f523b82d382bf5,5,16,5,7,0,0,UEOT_MAINTAINED
UEOT.V3.Compression.Objecthood.JointHomeostasis.RepairCarrier,formalization/ueot-core/UEOT/V3/Compression/Objecthood/JointHomeostasis/RepairCarrier.lean,Compression/Objecthood,108,4549,2,2,4,2,0,0,0,0,0,71,3a1018f6ef9ba0dcbe6bcad24c389e8a1a247bd989ed0731bbf37640c15678fa,2,4,2,2,0,0,UEOT_MAINTAINED
UEOT.V3.Compression.Objecthood.JointHomeostasis.RepairKernelBridge,formalization/ueot-core/UEOT/V3/Compression/Objecthood/JointHomeostasis/RepairKernelBridge.lean,Compression/Objecthood,45,1702,1,0,1,1,0,0,0,0,0,25,e7a6973b1124fe2dd26bd0b363ba6fa0f47d54f5609219b7657365b0e515951b,1,0,0,2,0,0,UEOT_MAINTAINED
UEOT.V3.Compression.Objecthood.JointHomeostasis.TerminalClosure,formalization/ueot-core/UEOT/V3/Compression/Objecthood/JointHomeostasis/TerminalClosure.lean,Compression/Objecthood,178,7966,1,0,1,2,0,0,0,0,0,142,da67b55a8d178ffa965771470d9c505b01767c94163de53064869ac12b715582,1,7,1,1,0,0,UEOT_MAINTAINED
UEOT.V3.Compression.Objecthood.Legitimacy,formalization/ueot-core/UEOT/V3/Compression/Objecthood/Legitimacy.lean,Compression/Objecthood,161,6096,6,3,9,1,0,0,0,0,1,102,95830a540f648adcaee2f92c8f6e96ae071c75e87f883352c503876036844df0,6,3,2,2,0,0,UEOT_MAINTAINED
UEOT.V3.Compression.Objecthood.MaximalStationaryRepair,formalization/ueot-core/UEOT/V3/Compression/Objecthood/MaximalStationaryRepair.lean,Compression/Objecthood,144,6180,5,4,9,1,0,0,0,0,1,134,9d9e3f8f36d05c1159cda6d1fbbba93fb8d0fa3ddd11847c524bc74947cc0a17,5,4,2,10,0,0,UEOT_MAINTAINED
UEOT.V3.Compression.Objecthood.OntogeneticConstruction,formalization/ueot-core/UEOT/V3/Compression/Objecthood/OntogeneticConstruction.lean,Compression/Objecthood,7,453,0,0,0,5,0,0,0,0,0,5,e30c08938bc246249210a099b7f685bee4541b5a78c6588452b66a83ebc78adc,0,0,0,0,0,0,UEOT_MAINTAINED
UEOT.V3.Compression.Objecthood.OntogeneticConstruction.Assembly,formalization/ueot-core/UEOT/V3/Compression/Objecthood/OntogeneticConstruction/Assembly.lean,Compression/Objecthood,131,5689,7,2,11,1,1,1,0,0,1,87,ac7ef2166309c3b1a96e71908fc5ab45456f2864bdffc703f28d8cb8e3805e7e,7,0,0,2,0,0,UEOT_MAINTAINED
UEOT.V3.Compression.Objecthood.OntogeneticConstruction.Boundaries,formalization/ueot-core/UEOT/V3/Compression/Objecthood/OntogeneticConstruction/Boundaries.lean,Compression/Objecthood,54,2307,3,0,3,1,0,0,0,0,1,33,da586e74d9166a45a5af51f17315c860ce94becff76b547b63fc848515b73995,3,2,2,1,0,0,UEOT_MAINTAINED
UEOT.V3.Compression.Objecthood.OntogeneticConstruction.ConstructionKernel,formalization/ueot-core/UEOT/V3/Compression/Objecthood/OntogeneticConstruction/ConstructionKernel.lean,Compression/Objecthood,93,4123,4,1,6,1,0,0,0,0,1,62,b0da6575db389239ed6507ff5aeff69ab69a4e61b0b602b57d43005c4127f68e,4,0,0,1,0,0,UEOT_MAINTAINED
UEOT.V3.Compression.Objecthood.OntogeneticConstruction.MaintenanceEntry,formalization/ueot-core/UEOT/V3/Compression/Objecthood/OntogeneticConstruction/MaintenanceEntry.lean,Compression/Objecthood,115,5147,4,0,4,2,1,1,0,0,1,87,cab67c39a119e474fcc7a20f2f37c80e6316cd788658d8d9015f7cc52f6c7b96,4,6,4,7,0,0,UEOT_MAINTAINED
UEOT.V3.Compression.Objecthood.OntogeneticConstruction.TerminalClosure,formalization/ueot-core/UEOT/V3/Compression/Objecthood/OntogeneticConstruction/TerminalClosure.lean,Compression/Objecthood,73,3207,1,0,1,1,0,0,0,0,0,53,2122de1cc752b8956a668732fd921674e00c5993b4cf6a2862b57cbac7a92b1d,1,4,1,0,0,0,UEOT_MAINTAINED
UEOT.V3.Compression.Objecthood.PhysicalRecovery,formalization/ueot-core/UEOT/V3/Compression/Objecthood/PhysicalRecovery.lean,Compression/Objecthood,175,6987,7,1,9,3,0,0,0,0,0,123,aa7ffcd32a08dec4e92499dab4431869ed4b255dd9ad457f8c87bba46e179dc2,7,9,7,19,0,0,UEOT_MAINTAINED
UEOT.V3.Compression.Objecthood.PostQTTightening.CanonicalCertificateOptimality,formalization/ueot-core/UEOT/V3/Compression/Objecthood/PostQTTightening/CanonicalCertificateOptimality.lean,Compression/Objecthood,61,2414,2,0,2,1,0,0,0,0,0,37,4d2fd94ed0e700d76a82a6af6d06d9f995690c67c01bd97322c5446079107408,2,2,2,0,0,0,UEOT_MAINTAINED
UEOT.V3.Compression.Objecthood.PostQTTightening.CanonicalJointMixedDrift,formalization/ueot-core/UEOT/V3/Compression/Objecthood/PostQTTightening/CanonicalJointMixedDrift.lean,Compression/Objecthood,162,6804,6,2,8,2,0,0,0,0,0,115,74bec5dede01d66160861f2091e3d6d29479d067ef3616699f36ddfce4638c21,6,6,4,8,0,0,UEOT_MAINTAINED
UEOT.V3.Compression.Objecthood.PostQTTightening.GeneralCausalObjecthoodClosure,formalization/ueot-core/UEOT/V3/Compression/Objecthood/PostQTTightening/GeneralCausalObjecthoodClosure.lean,Compression/Objecthood,151,7240,2,0,2,2,0,0,0,0,0,127,886c6e3dd8da77aaa55a7490bfeff3cab4df8f7f5e4318b8233ecc87226b96d7,2,5,2,0,0,0,UEOT_MAINTAINED
UEOT.V3.Compression.Objecthood.PostQTTightening.JointMixedDriftDownstream,formalization/ueot-core/UEOT/V3/Compression/Objecthood/PostQTTightening/JointMixedDriftDownstream.lean,Compression/Objecthood,274,12448,6,0,6,2,0,0,0,0,0,243,6a0817e233b2db77e1575a9eba843a869b59f97d33b24df5ea933b73169d8d09,6,25,6,4,0,0,UEOT_MAINTAINED
UEOT.V3.Compression.Objecthood.PostQTTightening.StrictJointMixedDriftWitness,formalization/ueot-core/UEOT/V3/Compression/Objecthood/PostQTTightening/StrictJointMixedDriftWitness.lean,Compression/Objecthood,182,6999,4,2,7,2,0,0,0,0,0,151,82d6b349cdec6ae7690f91bc3d7c7aeeb9afe4da23aeb893ef274c2cae832022,4,6,3,2,0,0,UEOT_MAINTAINED
UEOT.V3.Compression.Objecthood.RepairLawSelfReconstruction.All,formalization/ueot-core/UEOT/V3/Compression/Objecthood/RepairLawSelfReconstruction/All.lean,Compression/Objecthood,26,1795,0,0,0,17,0,0,0,0,0,17,ce34dc3bde6f2d915b4bf620a8ff8076345a6a09e28a4d365db8b25eaf713e70,0,0,0,0,0,0,UEOT_MAINTAINED
UEOT.V3.Compression.Objecthood.RepairLawSelfReconstruction.GenericProgramRecovery,formalization/ueot-core/UEOT/V3/Compression/Objecthood/RepairLawSelfReconstruction/GenericProgramRecovery.lean,Compression/Objecthood,162,6746,7,6,13,1,0,0,0,0,0,112,78192f627690fc3751f04b71d7c9eb7ad86aaf7cd19238bea802c2c2ad1a40e1,7,3,3,2,0,0,UEOT_MAINTAINED
UEOT.V3.Compression.Objecthood.RepairLawSelfReconstruction.IdentifiabilityBoundary,formalization/ueot-core/UEOT/V3/Compression/Objecthood/RepairLawSelfReconstruction/IdentifiabilityBoundary.lean,Compression/Objecthood,123,5395,4,3,7,1,1,1,1,0,0,87,bb47206ce5a19e464c8f09c344b31f9ea0993183748c65669f63426930e472dd,4,1,1,2,0,0,UEOT_MAINTAINED
UEOT.V3.Compression.Objecthood.RepairLawSelfReconstruction.InternalProgramState,formalization/ueot-core/UEOT/V3/Compression/Objecthood/RepairLawSelfReconstruction/InternalProgramState.lean,Compression/Objecthood,69,2923,3,3,7,1,0,0,0,0,1,40,4c00b854be8de68b918793868ddd58dfbcdbba811723ff3b5b721212afe7b50e,3,0,0,0,0,0,UEOT_MAINTAINED
UEOT.V3.Compression.Objecthood.RepairLawSelfReconstruction.JointRecovery,formalization/ueot-core/UEOT/V3/Compression/Objecthood/RepairLawSelfReconstruction/JointRecovery.lean,Compression/Objecthood,174,7268,4,5,11,1,0,0,0,0,0,115,58e3d9862cd6bd5e455a32897f3f54b7b15aa2760a4073b713428194881941fd,4,6,4,7,0,0,UEOT_MAINTAINED
UEOT.V3.Compression.Objecthood.RepairLawSelfReconstruction.NoInfiniteRegress,formalization/ueot-core/UEOT/V3/Compression/Objecthood/RepairLawSelfReconstruction/NoInfiniteRegress.lean,Compression/Objecthood,88,3390,6,1,9,1,0,0,0,0,0,52,bb0170eff74eca004ab66c6704bf9b4a0c38b173c63a5f7058b77633fb2dd121,6,2,2,2,0,0,UEOT_MAINTAINED
UEOT.V3.Compression.Objecthood.RepairLawSelfReconstruction.ProgramPhysicalRecovery,formalization/ueot-core/UEOT/V3/Compression/Objecthood/RepairLawSelfReconstruction/ProgramPhysicalRecovery.lean,Compression/Objecthood,86,3524,3,1,4,3,0,0,0,0,1,61,bff5e086c377c507e12e0f36cd43ed2abf65f9ce7198595e0e803159c2a6e789,3,4,2,8,0,0,UEOT_MAINTAINED
UEOT.V3.Compression.Objecthood.RepairLawSelfReconstruction.ProgramRecovery,formalization/ueot-core/UEOT/V3/Compression/Objecthood/RepairLawSelfReconstruction/ProgramRecovery.lean,Compression/Objecthood,173,7475,11,3,14,2,0,0,0,0,0,120,242cc6665107884ac63f233169dfebcd52fb8fc99ec4159de58cbf92e4ae1839,11,9,8,4,0,0,UEOT_MAINTAINED
UEOT.V3.Compression.Objecthood.RepairLawSelfReconstruction.ProgramSemantics,formalization/ueot-core/UEOT/V3/Compression/Objecthood/RepairLawSelfReconstruction/ProgramSemantics.lean,Compression/Objecthood,145,5668,8,5,13,2,0,0,0,0,1,97,43c5065334d29948ea896d3d6eeb1a4341b9b64b1b2b07d7e84f880ef19a579e,8,2,1,3,0,0,UEOT_MAINTAINED
UEOT.V3.Compression.Objecthood.RepairLawSelfReconstruction.RecurrentFaultPathLaw,formalization/ueot-core/UEOT/V3/Compression/Objecthood/RepairLawSelfReconstruction/RecurrentFaultPathLaw.lean,Compression/Objecthood,247,10560,5,3,9,2,0,0,0,0,0,196,ee278af27d0984b1581d16c278d973581d2246988ee3a1d7cb5234b5eeb32f18,5,8,4,3,0,0,UEOT_MAINTAINED
UEOT.V3.Compression.Objecthood.RepairLawSelfReconstruction.RepairThenPreserve,formalization/ueot-core/UEOT/V3/Compression/Objecthood/RepairLawSelfReconstruction/RepairThenPreserve.lean,Compression/Objecthood,161,6638,7,1,8,3,0,0,0,0,0,123,5a41b16830e7b7e96cc6985e3f50f7e8d8d9a247720b0c9efa30e6ffd2c85086,7,9,6,17,0,0,UEOT_MAINTAINED
UEOT.V3.Compression.Objecthood.RepairLawSelfReconstruction.SafeJointPathLaw,formalization/ueot-core/UEOT/V3/Compression/Objecthood/RepairLawSelfReconstruction/SafeJointPathLaw.lean,Compression/Objecthood,196,7972,4,5,9,2,0,0,0,0,0,163,7d4cb1d168d5253a9a7c473138d48adcdd2336f361cfb9e08a350add414a1680,4,6,3,6,0,0,UEOT_MAINTAINED
UEOT.V3.Compression.Objecthood.RepairLawSelfReconstruction.SafeJointRecovery,formalization/ueot-core/UEOT/V3/Compression/Objecthood/RepairLawSelfReconstruction/SafeJointRecovery.lean,Compression/Objecthood,185,7590,7,7,14,1,0,0,0,0,0,130,4784fe0eb9c0455de361f3384af384c4b05993dc0c04e15b0284312b4ec24ac1,7,4,3,9,0,0,UEOT_MAINTAINED
UEOT.V3.Compression.Objecthood.RepairLawSelfReconstruction.SameParentRestoration,formalization/ueot-core/UEOT/V3/Compression/Objecthood/RepairLawSelfReconstruction/SameParentRestoration.lean,Compression/Objecthood,217,10172,3,1,4,2,0,0,0,0,0,170,8190ed26e86c4fb163131015076d591e26fbe4ad108464811a6f7e09fc2a4e7b,3,9,3,3,0,0,UEOT_MAINTAINED
UEOT.V3.Compression.Objecthood.RepairLawSelfReconstruction.TightenedSameParentRestoration,formalization/ueot-core/UEOT/V3/Compression/Objecthood/RepairLawSelfReconstruction/TightenedSameParentRestoration.lean,Compression/Objecthood,228,10873,4,1,5,2,0,0,0,0,0,193,3d4e75ec327b241405e150988d13c049b5ca484327ff155ac8485cf7fb56cccd,4,10,3,6,0,0,UEOT_MAINTAINED
UEOT.V3.Compression.Objecthood.RepairLawSelfReconstruction.TripleRedundancy,formalization/ueot-core/UEOT/V3/Compression/Objecthood/RepairLawSelfReconstruction/TripleRedundancy.lean,Compression/Objecthood,118,4703,5,9,14,1,0,0,0,0,0,69,dc9c5a574010fba84e9a9b51d5e2e40d0eabb844228d12539e10f740b3b921be,5,2,2,12,0,0,UEOT_MAINTAINED
UEOT.V3.Compression.Objecthood.RepairLawSelfReconstruction.TrustedRuntimeClosure,formalization/ueot-core/UEOT/V3/Compression/Objecthood/RepairLawSelfReconstruction/TrustedRuntimeClosure.lean,Compression/Objecthood,146,6093,5,3,11,1,0,0,0,0,0,101,42467ed615394452be595b72b6c0517105be97915a6143596dba9b647822c6ac,5,2,2,2,0,0,UEOT_MAINTAINED
UEOT.V3.Compression.Objecthood.RepairLawSelfReconstruction.TrustedSubstrate,formalization/ueot-core/UEOT/V3/Compression/Objecthood/RepairLawSelfReconstruction/TrustedSubstrate.lean,Compression/Objecthood,36,1433,0,0,2,1,0,0,0,0,0,12,c4ea6a883a82292a62b7f89c82c017a807ffbb1204f077a2b36f72f24e2c4e5f,0,0,0,0,0,0,UEOT_MAINTAINED
UEOT.V3.Compression.Objecthood.RepairRankHittingRelation,formalization/ueot-core/UEOT/V3/Compression/Objecthood/RepairRankHittingRelation.lean,Compression/Objecthood,54,2272,4,0,4,1,0,0,0,0,1,49,2cdf87267a5d0bd63f51ef1983cec575d3a94bc4a9fe9aa0bdd1cf4c77cea127,4,6,4,3,0,0,UEOT_MAINTAINED
UEOT.V3.Compression.Objecthood.ResourceClosure,formalization/ueot-core/UEOT/V3/Compression/Objecthood/ResourceClosure.lean,Compression/Objecthood,13,657,0,0,0,7,0,0,0,0,0,7,59bead3d3fc5cbb5505de8e0ad0e88c431a0ea685af9ce1df702a6f957939db0,0,0,0,0,0,0,UEOT_MAINTAINED
UEOT.V3.Compression.Objecthood.ResourceClosure.Boundaries,formalization/ueot-core/UEOT/V3/Compression/Objecthood/ResourceClosure/Boundaries.lean,Compression/Objecthood,186,7422,14,3,17,1,0,0,0,0,0,122,c0530ad5d3906a2cfd2b9c1b6682af23af308ce37a1c38212091c7bfc72361cd,14,14,9,14,0,0,UEOT_MAINTAINED
UEOT.V3.Compression.Objecthood.ResourceClosure.FiniteReserve,formalization/ueot-core/UEOT/V3/Compression/Objecthood/ResourceClosure/FiniteReserve.lean,Compression/Objecthood,270,12330,4,1,5,1,0,0,0,0,0,231,db578589561923d5cc0356b6f7a34ba63809e8d12a8cc6bc98114c991cd39b36,4,11,3,5,0,0,UEOT_MAINTAINED
UEOT.V3.Compression.Objecthood.ResourceClosure.MeanResourceClosure,formalization/ueot-core/UEOT/V3/Compression/Objecthood/ResourceClosure/MeanResourceClosure.lean,Compression/Objecthood,208,8999,6,3,9,1,0,0,0,0,1,168,51d9c4a8945ef86a367eab88cc1cc42ca26b6863566643790e8dcba1022b19d3,6,10,4,7,0,0,UEOT_MAINTAINED
UEOT.V3.Compression.Objecthood.ResourceClosure.ResourceAccounting,formalization/ueot-core/UEOT/V3/Compression/Objecthood/ResourceClosure/ResourceAccounting.lean,Compression/Objecthood,97,3541,3,3,7,1,0,0,0,0,1,55,8c911505c86a16e78ca2a545d945443421fbce8f0b6e20c45cebdaafff83721e,3,1,1,7,0,0,UEOT_MAINTAINED
UEOT.V3.Compression.Objecthood.ResourceClosure.ResourceMaintenanceSynthesis,formalization/ueot-core/UEOT/V3/Compression/Objecthood/ResourceClosure/ResourceMaintenanceSynthesis.lean,Compression/Objecthood,172,8371,1,0,1,2,0,0,0,0,0,158,8915bf104db6e57153f04a672e4e0e0f42f02ddf9f43b4ea055fa071d0ebc52d,1,4,1,1,0,0,UEOT_MAINTAINED
UEOT.V3.Compression.Objecthood.ResourceClosure.StateCostEnvelope,formalization/ueot-core/UEOT/V3/Compression/Objecthood/ResourceClosure/StateCostEnvelope.lean,Compression/Objecthood,249,9635,8,5,13,2,0,0,0,0,0,195,b9c9008c149c6aa07f6b07d41355bde0069689112a08e3682a34247e0eb39eb6,8,6,3,8,0,0,UEOT_MAINTAINED
UEOT.V3.Compression.Objecthood.ResourceClosure.TerminalClosure,formalization/ueot-core/UEOT/V3/Compression/Objecthood/ResourceClosure/TerminalClosure.lean,Compression/Objecthood,160,7790,1,0,1,1,0,0,0,0,0,147,069d86d122cae81e656dfa7998abff81af87eb2cce66e8c26828b69fc842471b,1,3,1,0,0,0,UEOT_MAINTAINED
UEOT.V3.Compression.Objecthood.StationaryCausalPathLawBridge,formalization/ueot-core/UEOT/V3/Compression/Objecthood/StationaryCausalPathLawBridge.lean,Compression/Objecthood,170,7168,5,2,7,3,0,0,0,1,0,154,1447d927da7cb08e0fdb26e4d42c9fcfe070380614cd0d7387ad6937c12889a5,4,12,4,5,0,0,UEOT_MAINTAINED
UEOT.V3.Compression.Objecthood.StationaryRepairBasin,formalization/ueot-core/UEOT/V3/Compression/Objecthood/StationaryRepairBasin.lean,Compression/Objecthood,155,5937,6,1,7,1,0,0,0,0,0,120,72b45af44ebdaf54cce9fb67d29dbfa417f4c8274b041266f018f5d0586e8756,6,12,6,11,0,0,UEOT_MAINTAINED
UEOT.V3.Compression.Objecthood.StationaryRepairPatching,formalization/ueot-core/UEOT/V3/Compression/Objecthood/StationaryRepairPatching.lean,Compression/Objecthood,128,5388,2,2,4,1,0,0,0,0,0,123,3a3e534abb857e9f4dde5ed4995ffcca2f29369b6e40c77c6b5069be88c97dc6,2,2,1,1,0,0,UEOT_MAINTAINED
UEOT.V3.Compression.Objecthood.StochasticRepairSynthesis,formalization/ueot-core/UEOT/V3/Compression/Objecthood/StochasticRepairSynthesis.lean,Compression/Objecthood,288,13864,7,1,8,4,1,1,0,0,1,228,02449c6684ff6b9ffa9a55ae21ded46aad0584d388850a2474d35846e4fffd2e,7,15,7,8,0,0,UEOT_MAINTAINED
UEOT.V3.Compression.Objecthood.StrongRepairAttractor,formalization/ueot-core/UEOT/V3/Compression/Objecthood/StrongRepairAttractor.lean,Compression/Objecthood,123,4226,12,3,15,1,0,0,0,0,1,104,f18711262f4b98174896b83c19b7adc7d9aa54de32c3b60bde7f827316c70d94,12,10,7,12,0,0,UEOT_MAINTAINED
UEOT.V3.Compression.Objecthood.StrongVsStochasticRepair,formalization/ueot-core/UEOT/V3/Compression/Objecthood/StrongVsStochasticRepair.lean,Compression/Objecthood,103,3415,6,5,11,3,1,1,0,0,0,90,63438991b13adbf41ef192ee99c67aaf9e38c5ea8b840afffb35ea9918abb395,6,7,5,5,0,0,UEOT_MAINTAINED
UEOT.V3.Compression.OccupationLimitInvariance,formalization/ueot-core/UEOT/V3/Compression/OccupationLimitInvariance.lean,Compression/root,338,14318,9,1,10,2,3,3,1,0,0,271,daf7b53bd203451d4661869e95ae0fcf7f052490dc0107ea4b82a4aad9350713,9,12,7,18,1,3,UEOT_MAINTAINED
UEOT.V3.Compression.PositiveEigenInvariantLimit,formalization/ueot-core/UEOT/V3/Compression/PositiveEigenInvariantLimit.lean,Compression/root,113,4521,1,0,1,2,0,0,0,0,0,84,131f8a0988b495d706d983d7cb9d1f816a3ace7754012f96a68c5e3b5b4885cf,1,2,1,0,0,0,UEOT_MAINTAINED
UEOT.V3.Compression.PositiveEigenstructure,formalization/ueot-core/UEOT/V3/Compression/PositiveEigenstructure.lean,Compression/root,658,24385,23,6,31,3,0,0,1,0,0,550,746a435146c4bc20721a1429085285492ac01a040b6090e186f8141b251f257b,23,23,12,24,2,0,UEOT_MAINTAINED
UEOT.V3.Compression.PrimitiveOptimalPolicyGoaClosure,formalization/ueot-core/UEOT/V3/Compression/PrimitiveOptimalPolicyGoaClosure.lean,Compression/root,107,4912,2,0,2,1,0,0,0,0,0,83,552e6632654acd0e397524fc9d4bac788232ac41ca7aee5a3cae5589a2cb1c9d,2,8,2,1,0,0,UEOT_MAINTAINED
UEOT.V3.Compression.PrimitiveRewardSpanClosure,formalization/ueot-core/UEOT/V3/Compression/PrimitiveRewardSpanClosure.lean,Compression/root,228,9758,7,0,7,1,0,0,0,0,0,186,11ee708f764940e80f5920eea99bfa95504f931e09414f2914669b394925daef,7,10,5,9,0,0,UEOT_MAINTAINED
UEOT.V3.Compression.QuotientDescent,formalization/ueot-core/UEOT/V3/Compression/QuotientDescent.lean,Compression/root,379,15340,13,6,19,3,0,0,0,0,0,252,1cb1e6f46e36f989cfdd8f4b300084245efa090c5a4f6140960049bfcd476dcd,13,14,8,20,2,0,UEOT_MAINTAINED
UEOT.V3.Compression.QuotientGauge,formalization/ueot-core/UEOT/V3/Compression/QuotientGauge.lean,Compression/root,151,5053,7,2,9,1,0,0,0,0,1,114,d28a66230cc042e7ef3c976387ceec52820544fee7126085307f1e59e0bea12d,7,6,3,20,0,0,UEOT_MAINTAINED
UEOT.V3.Compression.RecurrentClassGaugeInvariance,formalization/ueot-core/UEOT/V3/Compression/RecurrentClassGaugeInvariance.lean,Compression/root,234,8585,8,6,14,1,0,0,0,0,0,175,3a95b2141459dcf300cb171fdd63c5131c7985b5b14e104baf8abd64870fca64,8,10,5,11,0,0,UEOT_MAINTAINED
UEOT.V3.Compression.RecurrentSupportMargin,formalization/ueot-core/UEOT/V3/Compression/RecurrentSupportMargin.lean,Compression/root,770,31051,31,5,36,1,0,0,0,0,0,618,d44747781de037b57b39c94f6c7541c448103b0ddca6f52c9a70243d3fca8081,31,35,23,36,0,0,UEOT_MAINTAINED
UEOT.V3.Compression.RecursiveSufficientState,formalization/ueot-core/UEOT/V3/Compression/RecursiveSufficientState.lean,Compression/root,210,7796,7,3,10,2,0,0,0,0,0,145,076e3cd74eb490bf221b6b73e7e7a16eb60dd2e5c1feba2b910990dd1ae434ca,7,8,4,15,0,0,UEOT_MAINTAINED
UEOT.V3.Compression.StructuralDefectClosure,formalization/ueot-core/UEOT/V3/Compression/StructuralDefectClosure.lean,Compression/root,343,13412,8,0,8,3,0,0,0,0,0,249,1b95c288a5e52053a7d0cbf72870288ab5bbeb753cee132209d8687f99e6b6b4,8,9,5,4,0,0,UEOT_MAINTAINED
UEOT.V3.Compression.StructuralDefectControlLimit,formalization/ueot-core/UEOT/V3/Compression/StructuralDefectControlLimit.lean,Compression/root,369,15870,6,3,9,3,0,0,0,0,0,296,7b3968aaa00af33159965407182abd828bb7b127d79c3c3fbc308a2757532800,6,6,6,1,0,0,UEOT_MAINTAINED
UEOT.V3.Compression.TeleologicalEquivalence,formalization/ueot-core/UEOT/V3/Compression/TeleologicalEquivalence.lean,Compression/root,189,6467,10,4,14,2,0,0,1,0,2,136,a6baabff9daa8bab8d9d6c1deab76577a6e23fa78668ff6551b7a68ae2074f09,10,9,5,10,0,0,UEOT_MAINTAINED
UEOT.V3.Compression.TheoryCompletion,formalization/ueot-core/UEOT/V3/Compression/TheoryCompletion.lean,Compression/root,118,9065,0,0,0,109,0,0,0,0,0,109,54a08b559c5e5a033a66efa527291c03524216ee7502cb703cd90e3a1860eb73,0,0,0,0,0,0,UEOT_MAINTAINED
UEOT.V3.Compression.TheoryCompletion.AutopoiesisClosure,formalization/ueot-core/UEOT/V3/Compression/TheoryCompletion/AutopoiesisClosure.lean,Compression/TheoryCompletion,394,18718,7,1,9,7,1,1,0,0,1,319,43f622c324abaf45aa528ee920ed569a51e5e1acc3264fc7eb10b46eb30a07a1,7,14,5,5,0,0,UEOT_MAINTAINED
UEOT.V3.Compression.TheoryCompletion.BellmanTeleologicalFaithfulness,formalization/ueot-core/UEOT/V3/Compression/TheoryCompletion/BellmanTeleologicalFaithfulness.lean,Compression/TheoryCompletion,212,8406,7,8,16,3,0,0,0,12,0,168,8d2ba78c145702eda528b66e7f02111783814a962f8ee1430cb53fcec2776a8c,3,4,2,2,0,0,UEOT_MAINTAINED
UEOT.V3.Compression.TheoryCompletion.CausalBellmanTeleologicalFaithfulness,formalization/ueot-core/UEOT/V3/Compression/TheoryCompletion/CausalBellmanTeleologicalFaithfulness.lean,Compression/TheoryCompletion,104,4083,1,1,2,2,0,0,0,0,0,66,c152aa9de6852a5cd1ac84a34daac60b299380cd755fabb08675a2c89579c2b6,1,2,1,1,0,0,UEOT_MAINTAINED
UEOT.V3.Compression.TheoryCompletion.GOA,formalization/ueot-core/UEOT/V3/Compression/TheoryCompletion/GOA.lean,Compression/TheoryCompletion,144,5445,4,6,10,5,0,0,0,0,2,100,ef02e007bf3d670e5dd1aac5630ef9119325188b367a1f82d21be0465452a29a,4,6,4,2,0,0,UEOT_MAINTAINED
UEOT.V3.Compression.TheoryCompletion.GOD,formalization/ueot-core/UEOT/V3/Compression/TheoryCompletion/GOD.lean,Compression/TheoryCompletion,105,4324,6,3,9,1,0,0,0,0,3,65,9fd12f637bd5696a41e4d13adf59d411050d835757aa2eeffd40d1ffb924d265,6,6,5,10,0,0,UEOT_MAINTAINED
UEOT.V3.Compression.TheoryCompletion.GeneralStateObjecthood,formalization/ueot-core/UEOT/V3/Compression/TheoryCompletion/GeneralStateObjecthood.lean,Compression/TheoryCompletion,102,4377,3,1,4,3,1,1,0,0,1,61,282c80250510ed76d8b1ae3f947ad686456d66597d91d09dd494ddf37231c8bd,3,3,2,2,0,0,UEOT_MAINTAINED
UEOT.V3.Compression.TheoryCompletion.InverseObjecthood,formalization/ueot-core/UEOT/V3/Compression/TheoryCompletion/InverseObjecthood.lean,Compression/TheoryCompletion,19,1102,0,0,0,9,0,0,0,0,0,9,564586bc6b586ddfbc865ac9f13fe0078bf6e539aa24b95ea1d212384a127a3b,0,0,0,0,0,0,UEOT_MAINTAINED
UEOT.V3.Compression.TheoryCompletion.InverseObjecthood.CandidateUniverseConsistency,formalization/ueot-core/UEOT/V3/Compression/TheoryCompletion/InverseObjecthood/CandidateUniverseConsistency.lean,Compression/TheoryCompletion,106,4564,2,0,2,2,0,0,0,0,0,74,5cd9e2de91840b3d924094ac4c6e9ae887cbae442b3146b0387a7f0018ef5b7d,2,3,2,1,0,0,UEOT_MAINTAINED
UEOT.V3.Compression.TheoryCompletion.InverseObjecthood.ControlClosureBridge,formalization/ueot-core/UEOT/V3/Compression/TheoryCompletion/InverseObjecthood/ControlClosureBridge.lean,Compression/TheoryCompletion,194,8523,5,1,8,2,1,1,1,0,3,146,6d8193ae3f6ade1cbfcf7a95f47d1b87dad75d1b40dd1c536f1a9b852666f51f,5,5,3,0,0,0,UEOT_MAINTAINED
UEOT.V3.Compression.TheoryCompletion.InverseObjecthood.FiniteCandidateRecovery,formalization/ueot-core/UEOT/V3/Compression/TheoryCompletion/InverseObjecthood/FiniteCandidateRecovery.lean,Compression/TheoryCompletion,151,5818,6,1,7,2,0,0,0,0,0,110,cd86ca69c051b68b2e62defe6baa4e94f1bce57f2e44fd7b23f3c66478a7d031,6,6,4,6,0,0,UEOT_MAINTAINED
UEOT.V3.Compression.TheoryCompletion.InverseObjecthood.HighProbabilityDiscovery,formalization/ueot-core/UEOT/V3/Compression/TheoryCompletion/InverseObjecthood/HighProbabilityDiscovery.lean,Compression/TheoryCompletion,281,12992,3,3,7,4,1,1,0,0,0,221,7be0fe1040aa8be8e455a10406bd506289eb3d2e0a9fadff332d7d2b14bd7ee5,3,4,2,3,0,0,UEOT_MAINTAINED
UEOT.V3.Compression.TheoryCompletion.InverseObjecthood.Identifiability,formalization/ueot-core/UEOT/V3/Compression/TheoryCompletion/InverseObjecthood/Identifiability.lean,Compression/TheoryCompletion,165,6349,4,6,10,2,0,0,0,0,2,103,11b4eb4c6aee23a9a4621b9918537acb03c945af0a083fb1ded1b89a70f1e5ee,4,1,1,4,0,0,UEOT_MAINTAINED
UEOT.V3.Compression.TheoryCompletion.InverseObjecthood.InteractionClassRecovery,formalization/ueot-core/UEOT/V3/Compression/TheoryCompletion/InverseObjecthood/InteractionClassRecovery.lean,Compression/TheoryCompletion,221,10143,7,1,8,3,0,0,0,0,0,166,6c555a72a2c6c8e55add3c9b578dd6e6a293298f1a5b430790f12d59bd76bc53,7,12,6,8,0,0,UEOT_MAINTAINED
UEOT.V3.Compression.TheoryCompletion.InverseObjecthood.NonIdentifiabilityBoundaries,formalization/ueot-core/UEOT/V3/Compression/TheoryCompletion/InverseObjecthood/NonIdentifiabilityBoundaries.lean,Compression/TheoryCompletion,112,5105,5,0,5,5,0,0,0,0,0,82,f9fc08dc08e983bd391f41398ed8be3a2a308d328df36b352d31ca03118718cf,5,7,5,3,0,0,UEOT_MAINTAINED
UEOT.V3.Compression.TheoryCompletion.InverseObjecthood.OperationalValidity,formalization/ueot-core/UEOT/V3/Compression/TheoryCompletion/InverseObjecthood/OperationalValidity.lean,Compression/TheoryCompletion,248,11740,4,0,7,1,0,0,0,0,1,193,d4516c217a61c919a47479832edbb91af4c4dbe8270bacfb0cd5b73cbad6fda5,4,5,3,2,0,0,UEOT_MAINTAINED
UEOT.V3.Compression.TheoryCompletion.InverseObjecthood.TerminalClosure,formalization/ueot-core/UEOT/V3/Compression/TheoryCompletion/InverseObjecthood/TerminalClosure.lean,Compression/TheoryCompletion,182,8205,7,0,7,2,0,0,0,0,0,132,d042c2d8e1263ee404bd3ff40340c647cfc48aa88a2f2d9ba1c88a5dbed499ea,7,7,4,6,0,0,UEOT_MAINTAINED
UEOT.V3.Compression.TheoryCompletion.LineageEvolution,formalization/ueot-core/UEOT/V3/Compression/TheoryCompletion/LineageEvolution.lean,Compression/TheoryCompletion,184,7419,8,4,13,4,0,0,0,0,2,126,210aae28363f116e9eb41c78b3127f7f3b165d50777ee83abdca676a0f77daeb,8,4,4,2,0,0,UEOT_MAINTAINED
UEOT.V3.Compression.TheoryCompletion.ObjectScaleCalculus,formalization/ueot-core/UEOT/V3/Compression/TheoryCompletion/ObjectScaleCalculus.lean,Compression/TheoryCompletion,160,6677,7,8,17,1,0,0,0,0,0,116,60709bb6b07bd9fe6c1d3f9877d629388b2122247bb0c92dac690d6513c13bc7,7,1,1,2,0,0,UEOT_MAINTAINED
UEOT.V3.Compression.TheoryCompletion.OperationalObject,formalization/ueot-core/UEOT/V3/Compression/TheoryCompletion/OperationalObject.lean,Compression/TheoryCompletion,239,10343,7,6,13,2,0,0,0,0,2,177,3fa2364f2d611aa8448296b9f6d690200c3241992d0a7a027b509ed3ce6c71f0,7,5,3,7,0,0,UEOT_MAINTAINED
UEOT.V3.Compression.TheoryCompletion.Purpose,formalization/ueot-core/UEOT/V3/Compression/TheoryCompletion/Purpose.lean,Compression/TheoryCompletion,113,4261,7,5,12,2,0,0,0,0,2,70,21236d06791678018ade7e94f8107b48cac75121682475ebe5ee37f8d4736d59,7,6,4,6,0,0,UEOT_MAINTAINED
UEOT.V3.Compression.TheoryCompletion.PurposeIdentifiability,formalization/ueot-core/UEOT/V3/Compression/TheoryCompletion/PurposeIdentifiability.lean,Compression/TheoryCompletion,97,4226,2,2,5,1,0,0,0,0,0,54,7e69dc072ebb62a8cfa2bd04a4d20393866ad4428b54b083ae8f5887dbf59a8a,2,3,1,1,0,0,UEOT_MAINTAINED
UEOT.V3.Compression.TheoryCompletion.SameObjectAgencyClosure,formalization/ueot-core/UEOT/V3/Compression/TheoryCompletion/SameObjectAgencyClosure.lean,Compression/TheoryCompletion,167,7046,4,0,4,2,0,0,0,0,2,123,8507d1eeaa3412f7ec1506f6d99098150128a698518222044b0b2df0593f7756,4,9,4,1,0,0,UEOT_MAINTAINED
UEOT.V3.Compression.TheoryCompletion.SameObjectAgencyRecovery,formalization/ueot-core/UEOT/V3/Compression/TheoryCompletion/SameObjectAgencyRecovery.lean,Compression/TheoryCompletion,423,18978,11,2,13,2,0,0,0,0,0,335,efc74127343f4b6ee418212e63dd9ee5711205935a5123894f62ba1fc0ff64bf,11,26,8,12,0,0,UEOT_MAINTAINED
UEOT.V3.Compression.TheoryCompletion.SameObjectEffectiveState,formalization/ueot-core/UEOT/V3/Compression/TheoryCompletion/SameObjectEffectiveState.lean,Compression/TheoryCompletion,83,3015,4,1,5,1,0,0,0,0,0,53,9f556546679d0c3ef05a55743c0853ec5ff10d8bc65a48122152e4edf017aaac,4,3,1,7,0,0,UEOT_MAINTAINED
UEOT.V3.Compression.TheoryCompletion.SameObjectEndogenousAgencyClosure,formalization/ueot-core/UEOT/V3/Compression/TheoryCompletion/SameObjectEndogenousAgencyClosure.lean,Compression/TheoryCompletion,171,7192,2,0,2,3,0,0,0,0,0,125,43fcd845a7725ed5901723c7ba80c783b7d4232c2da6d9f26a00d7fda2b8a0af,2,9,2,0,0,0,UEOT_MAINTAINED
UEOT.V3.Compression.TheoryCompletion.SameObjectGOA,formalization/ueot-core/UEOT/V3/Compression/TheoryCompletion/SameObjectGOA.lean,Compression/TheoryCompletion,94,3534,2,1,3,2,0,0,0,0,1,66,865cc97f651d4647135a0657af3eb97f0497908c6223c089ba6fc5677ce2bdd3,2,1,1,1,0,0,UEOT_MAINTAINED
UEOT.V3.Compression.TheoryCompletion.SameObjectGOAIsolation,formalization/ueot-core/UEOT/V3/Compression/TheoryCompletion/SameObjectGOAIsolation.lean,Compression/TheoryCompletion,126,5383,2,0,2,2,0,0,0,0,0,95,66454b9655c58c7bc6dbd0ab543d005a162173f473acb77647cf2b5b817d53e8,2,5,2,1,0,0,UEOT_MAINTAINED
UEOT.V3.Compression.TheoryCompletion.SameObjectGOAStability,formalization/ueot-core/UEOT/V3/Compression/TheoryCompletion/SameObjectGOAStability.lean,Compression/TheoryCompletion,113,4508,1,0,1,2,0,0,0,0,0,92,d08a93d9559569bffd6806fad3f14fdb2f1819bf34e93ca9b55f7e2d3ece88f9,1,3,1,2,0,0,UEOT_MAINTAINED
UEOT.V3.Compression.TheoryCompletion.SameObjectGOD,formalization/ueot-core/UEOT/V3/Compression/TheoryCompletion/SameObjectGOD.lean,Compression/TheoryCompletion,85,3250,4,1,5,2,0,0,0,0,0,62,8b607459c640f5ef10872594219443b3166fcb1a4bc4b455fab3dafa713c54cb,4,8,4,6,0,0,UEOT_MAINTAINED
UEOT.V3.Compression.TheoryCompletion.SameObjectHistory,formalization/ueot-core/UEOT/V3/Compression/TheoryCompletion/SameObjectHistory.lean,Compression/TheoryCompletion,82,2797,4,4,9,2,0,0,0,0,1,52,69a70f9beb2c9794ca7741f690e8ad550ea31de3c84a1decf55584a4ca6ad096,4,1,1,2,0,0,UEOT_MAINTAINED
UEOT.V3.Compression.TheoryCompletion.SameObjectIdentity,formalization/ueot-core/UEOT/V3/Compression/TheoryCompletion/SameObjectIdentity.lean,Compression/TheoryCompletion,82,2543,1,2,4,1,1,1,1,1,0,59,3b056c396fbc4c49efff753785d82ce9bfa14f07ad016f823babfd4e74e2d521,1,0,0,1,0,0,UEOT_MAINTAINED
UEOT.V3.Compression.TheoryCompletion.SameObjectObjecthoodAnchor,formalization/ueot-core/UEOT/V3/Compression/TheoryCompletion/SameObjectObjecthoodAnchor.lean,Compression/TheoryCompletion,157,6240,4,2,7,2,0,0,0,0,0,118,3a08d5783c46a856d37f5af633a88ecc5d32d392e8828dcb9063b716b2364731,4,3,3,5,0,0,UEOT_MAINTAINED
UEOT.V3.Compression.TheoryCompletion.SameObjectRestoration,formalization/ueot-core/UEOT/V3/Compression/TheoryCompletion/SameObjectRestoration.lean,Compression/TheoryCompletion,125,5361,1,0,1,2,0,0,0,0,0,98,cc0467ec4e0e23ae5345d3a73d212ad44006095a48331a84d3c5653d4c12eefa,1,1,1,0,0,0,UEOT_MAINTAINED
UEOT.V3.Compression.TheoryCompletion.SameObjectTeleologicalControl,formalization/ueot-core/UEOT/V3/Compression/TheoryCompletion/SameObjectTeleologicalControl.lean,Compression/TheoryCompletion,128,4737,3,1,5,3,0,0,0,0,1,90,5d810a753468e04e039e3c2ac094792853c5e6a712f42e0f152bf1dde1848ee6,3,0,0,0,0,0,UEOT_MAINTAINED
UEOT.V3.Compression.TheoryCompletion.SameObjectViability,formalization/ueot-core/UEOT/V3/Compression/TheoryCompletion/SameObjectViability.lean,Compression/TheoryCompletion,145,5578,4,3,7,2,0,0,0,4,1,106,f1137702c67f5c7226f01e1f513061900501ee7615aa3ecee6cc634d6facb685,2,0,0,1,0,0,UEOT_MAINTAINED
UEOT.V3.Compression.TheoryCompletion.SameObjectViableGOA,formalization/ueot-core/UEOT/V3/Compression/TheoryCompletion/SameObjectViableGOA.lean,Compression/TheoryCompletion,249,10918,8,1,9,2,0,0,0,0,2,189,1ee43a84dee8f7876576e599d1385cb1c2cc3039ca2d463a8b80367d0fb25238,8,14,6,10,0,0,UEOT_MAINTAINED
UEOT.V3.Compression.TheoryCompletion.Scale,formalization/ueot-core/UEOT/V3/Compression/TheoryCompletion/Scale.lean,Compression/TheoryCompletion,129,5260,3,4,8,3,0,0,0,0,2,90,f6fbab47369aeaa845e392632cfee9ac900e73a56309265173c9b64338290b16,3,2,2,0,0,0,UEOT_MAINTAINED
UEOT.V3.Compression.TheoryCompletion.ScientificClosure,formalization/ueot-core/UEOT/V3/Compression/TheoryCompletion/ScientificClosure.lean,Compression/TheoryCompletion,21,1135,0,0,0,7,0,0,0,0,0,7,7f394ad5a5c0741df789d444d4fae02cdbfdf62030144f8e3cb678c29c296a7e,0,0,0,0,0,0,UEOT_MAINTAINED
UEOT.V3.Compression.TheoryCompletion.ScientificClosure.C1,formalization/ueot-core/UEOT/V3/Compression/TheoryCompletion/ScientificClosure/C1.lean,Compression/TheoryCompletion,3,128,0,0,0,1,0,0,0,0,0,1,add3a945f35e8ad3536353df4ec9f6464bc50c51ff7bab647f168140d11a4533,0,0,0,0,0,0,UEOT_MAINTAINED
UEOT.V3.Compression.TheoryCompletion.ScientificClosure.C1ParametricBelief,formalization/ueot-core/UEOT/V3/Compression/TheoryCompletion/ScientificClosure/C1ParametricBelief.lean,Compression/TheoryCompletion,454,20284,12,13,25,7,0,0,0,0,2,358,d01ebe16cea8d93e38690a1eb3bf68701e3c177b117d3ee6496b5968b877967d,12,13,8,13,0,0,UEOT_MAINTAINED
UEOT.V3.Compression.TheoryCompletion.ScientificClosure.C2,formalization/ueot-core/UEOT/V3/Compression/TheoryCompletion/ScientificClosure/C2.lean,Compression/TheoryCompletion,6,370,0,0,0,4,0,0,0,0,0,4,3d47c20aa767ff36db95b5751c62b3a61cb639d344b7c585a95d2c4777c80534,0,0,0,0,0,0,UEOT_MAINTAINED
UEOT.V3.Compression.TheoryCompletion.ScientificClosure.C2FormationRecovery,formalization/ueot-core/UEOT/V3/Compression/TheoryCompletion/ScientificClosure/C2FormationRecovery.lean,Compression/TheoryCompletion,132,5662,4,2,6,3,0,0,1,0,2,92,233b90357865edb925294b7b3f18841cc327492295e44025c6217bf3c8f0edb1,4,4,4,0,0,0,UEOT_MAINTAINED
UEOT.V3.Compression.TheoryCompletion.ScientificClosure.C2IntervalDecision,formalization/ueot-core/UEOT/V3/Compression/TheoryCompletion/ScientificClosure/C2IntervalDecision.lean,Compression/TheoryCompletion,123,4300,7,4,13,2,0,0,1,0,1,80,08c790579c21bc982c5d5d8c8c0fe67516775241f1de93e42f5d7480bc08944f,7,3,3,9,0,0,UEOT_MAINTAINED
UEOT.V3.Compression.TheoryCompletion.ScientificClosure.C2ProtocolCoverage,formalization/ueot-core/UEOT/V3/Compression/TheoryCompletion/ScientificClosure/C2ProtocolCoverage.lean,Compression/TheoryCompletion,110,4559,3,2,6,3,0,0,0,0,1,78,bffc40a8ab7fa58f451792314fa395a9ecd12fa61cdf0ce43f74d58e58096aad,3,3,2,1,0,0,UEOT_MAINTAINED
UEOT.V3.Compression.TheoryCompletion.ScientificClosure.C2SamplingBudget,formalization/ueot-core/UEOT/V3/Compression/TheoryCompletion/ScientificClosure/C2SamplingBudget.lean,Compression/TheoryCompletion,48,1660,2,1,4,2,0,0,0,0,1,27,73ba0f388e035cb949588e43afb6993641f306a3f33a24d1df54ebcedd0c2736,2,0,0,0,0,0,UEOT_MAINTAINED
UEOT.V3.Compression.TheoryCompletion.ScientificClosure.C3,formalization/ueot-core/UEOT/V3/Compression/TheoryCompletion/ScientificClosure/C3.lean,Compression/TheoryCompletion,4,207,0,0,0,2,0,0,0,0,0,2,9636028b36b6bcac0cb091daea1ed504d922efeeadc94675129a42177337e272,0,0,0,0,0,0,UEOT_MAINTAINED
UEOT.V3.Compression.TheoryCompletion.ScientificClosure.C3BindingCalibration,formalization/ueot-core/UEOT/V3/Compression/TheoryCompletion/ScientificClosure/C3BindingCalibration.lean,Compression/TheoryCompletion,47,1660,1,0,1,1,0,0,0,0,0,26,d2cb35a8fd0cbce6ffc63959fbd761ba4ed90cb510befd489a3ec25597a89af1,1,1,1,0,0,0,UEOT_MAINTAINED
UEOT.V3.Compression.TheoryCompletion.ScientificClosure.C3NestedSearch,formalization/ueot-core/UEOT/V3/Compression/TheoryCompletion/ScientificClosure/C3NestedSearch.lean,Compression/TheoryCompletion,87,3132,4,2,7,1,0,0,0,0,0,55,2849405060b590e72665cfeec024c6c9adcc485e0a444e21edffb0739361cd83,4,2,1,2,0,0,UEOT_MAINTAINED
UEOT.V3.Compression.TheoryCompletion.ScientificClosure.C4,formalization/ueot-core/UEOT/V3/Compression/TheoryCompletion/ScientificClosure/C4.lean,Compression/TheoryCompletion,3,131,0,0,0,1,0,0,0,0,0,1,a356237cea705fb7215473e2a05ea969a092bdfab15d13d03cd8e703a10d7389,0,0,0,0,0,0,UEOT_MAINTAINED
UEOT.V3.Compression.TheoryCompletion.ScientificClosure.C4FBT,formalization/ueot-core/UEOT/V3/Compression/TheoryCompletion/ScientificClosure/C4FBT.lean,Compression/TheoryCompletion,184,7588,5,4,9,3,0,0,0,0,0,131,4161956f884265b8f0e15e7c0b165377aa429b94c9f11f012bd71d20c181a3fe,5,2,2,2,0,0,UEOT_MAINTAINED
UEOT.V3.Compression.TheoryCompletion.ScientificClosure.C4SetValuedFBT,formalization/ueot-core/UEOT/V3/Compression/TheoryCompletion/ScientificClosure/C4SetValuedFBT.lean,Compression/TheoryCompletion,160,7484,6,1,7,1,0,0,0,0,0,122,6a3f25f78c3cd768a19c699bd5bf3763de9f1b16a09a58e679acac12a16e2c20,6,1,1,3,0,0,UEOT_MAINTAINED
UEOT.V3.Compression.TheoryCompletion.ScientificClosure.C5,formalization/ueot-core/UEOT/V3/Compression/TheoryCompletion/ScientificClosure/C5.lean,Compression/TheoryCompletion,3,125,0,0,0,1,0,0,0,0,0,1,e3e1e84740680b15950231870237fdd525dd2736568b2bb35dd5ed37501b7f37,0,0,0,0,0,0,UEOT_MAINTAINED
UEOT.V3.Compression.TheoryCompletion.ScientificClosure.C5DualDriveTest,formalization/ueot-core/UEOT/V3/Compression/TheoryCompletion/ScientificClosure/C5DualDriveTest.lean,Compression/TheoryCompletion,109,4042,5,1,7,3,0,0,1,0,1,71,22f9e2790026264a8844f92a79698888f0aede3dad23655f2bdd74b1bf7a28e6,5,3,2,3,0,0,UEOT_MAINTAINED
UEOT.V3.Compression.TheoryCompletion.ScientificClosure.C6,formalization/ueot-core/UEOT/V3/Compression/TheoryCompletion/ScientificClosure/C6.lean,Compression/TheoryCompletion,3,128,0,0,0,1,0,0,0,0,0,1,61f44ca6c5fa5c9e7775d91beb6c8c2901658dc2f9cafc1bb17f6d7246250521,0,0,0,0,0,0,UEOT_MAINTAINED
UEOT.V3.Compression.TheoryCompletion.ScientificClosure.C6PurposeMechanism,formalization/ueot-core/UEOT/V3/Compression/TheoryCompletion/ScientificClosure/C6PurposeMechanism.lean,Compression/TheoryCompletion,85,3902,4,1,5,2,0,0,0,0,1,53,4a075be248b16882294f3420b352d32087920e58300c1eda9c3fc6edb6c5f185,4,2,2,1,0,0,UEOT_MAINTAINED
UEOT.V3.Compression.TheoryCompletion.ScientificClosure.C7,formalization/ueot-core/UEOT/V3/Compression/TheoryCompletion/ScientificClosure/C7.lean,Compression/TheoryCompletion,3,130,0,0,0,1,0,0,0,0,0,1,d8957dc23da2ce3487bd8a1b34a1089214abae99525aab04644813a49b2ed721,0,0,0,0,0,0,UEOT_MAINTAINED
UEOT.V3.Compression.TheoryCompletion.ScientificClosure.C7EvidenceGovernance,formalization/ueot-core/UEOT/V3/Compression/TheoryCompletion/ScientificClosure/C7EvidenceGovernance.lean,Compression/TheoryCompletion,51,1900,4,1,7,0,0,0,0,0,0,30,27d787c9647f33d5a05d2afb9da389947568399c10acd9add17f263f124e2378,4,0,0,0,0,0,UEOT_MAINTAINED
UEOT.V3.Compression.TheoryCompletion.ScientificClosure.SISCApproximateLumpability,formalization/ueot-core/UEOT/V3/Compression/TheoryCompletion/ScientificClosure/SISCApproximateLumpability.lean,Compression/TheoryCompletion,167,7320,3,2,5,2,0,0,0,0,0,136,7ee64ac57451fd3cae3f38d05ba9cc0111ad0f1123b59032c707322873f5b122,3,2,1,2,0,0,UEOT_MAINTAINED
UEOT.V3.Compression.TheoryCompletion.ScientificClosure.SISCCausalLineageNoGo,formalization/ueot-core/UEOT/V3/Compression/TheoryCompletion/ScientificClosure/SISCCausalLineageNoGo.lean,Compression/TheoryCompletion,81,3856,3,4,7,5,0,0,0,0,0,38,c62f4fa6c9e1f6119e400005e5cfcbc27c5b2144782b0d52ba308e58d5b0db38,3,1,1,3,0,0,UEOT_MAINTAINED
UEOT.V3.Compression.TheoryCompletion.ScientificClosure.SISCEmissionTiming,formalization/ueot-core/UEOT/V3/Compression/TheoryCompletion/ScientificClosure/SISCEmissionTiming.lean,Compression/TheoryCompletion,85,3368,3,2,5,3,0,0,0,0,0,58,6c23041f1e30be7cc3468506e49af60f036f87161c5a5ae850dcb5201c176bfd,3,4,2,10,0,0,UEOT_MAINTAINED
UEOT.V3.Compression.TheoryCompletion.ScientificClosure.SISCFiniteFormation,formalization/ueot-core/UEOT/V3/Compression/TheoryCompletion/ScientificClosure/SISCFiniteFormation.lean,Compression/TheoryCompletion,160,7377,4,1,6,2,0,0,0,0,0,123,ac7fe121f070e6986b4bb3e79c5fb9515f4ac572ad3b3055285b1a49ea663535,4,5,3,6,0,0,UEOT_MAINTAINED
UEOT.V3.Compression.TheoryCompletion.ScientificClosure.SISCFiniteFutureProbes,formalization/ueot-core/UEOT/V3/Compression/TheoryCompletion/ScientificClosure/SISCFiniteFutureProbes.lean,Compression/TheoryCompletion,96,4004,3,2,5,1,0,0,0,0,0,69,56caeffdebb3401e065955c8a2aed4efd8c9fd3a442d66ee57a1fe2ee032f737,3,1,1,1,0,0,UEOT_MAINTAINED
UEOT.V3.Compression.TheoryCompletion.ScientificClosure.SISCFinitePaths,formalization/ueot-core/UEOT/V3/Compression/TheoryCompletion/ScientificClosure/SISCFinitePaths.lean,Compression/TheoryCompletion,92,4112,3,4,8,2,0,0,0,0,0,59,c050542e9bb1f7e24377fc58c28437aa20737286749bbb145d3aac6ffae333cb,3,0,0,0,0,0,UEOT_MAINTAINED
UEOT.V3.Compression.TheoryCompletion.ScientificClosure.SISCFiniteStochasticQuotient,formalization/ueot-core/UEOT/V3/Compression/TheoryCompletion/ScientificClosure/SISCFiniteStochasticQuotient.lean,Compression/TheoryCompletion,204,8036,5,2,8,2,0,0,0,0,0,159,c6c48cddf69d04314af777f5fe685036252092bf9a80ce6fdbc23f4bfe54e7ed,5,7,3,9,0,0,UEOT_MAINTAINED
UEOT.V3.Compression.TheoryCompletion.ScientificClosure.SISCFormationIdentityBridge,formalization/ueot-core/UEOT/V3/Compression/TheoryCompletion/ScientificClosure/SISCFormationIdentityBridge.lean,Compression/TheoryCompletion,109,4982,4,1,5,2,1,1,0,0,0,75,11baaf55f146ff11e9ab176cb0e4d3400ca162ab39f3115c0bb07b463d35b329,4,3,2,7,0,0,UEOT_MAINTAINED
UEOT.V3.Compression.TheoryCompletion.ScientificClosure.SISCFutureResponseCore,formalization/ueot-core/UEOT/V3/Compression/TheoryCompletion/ScientificClosure/SISCFutureResponseCore.lean,Compression/TheoryCompletion,215,9719,10,4,14,2,0,0,0,0,0,149,a4c91ef76850d3a9b61d1d89c54a6f09d4642928a9d62c2568cb637a2d0ae3a2,10,7,3,4,0,0,UEOT_MAINTAINED
UEOT.V3.Compression.TheoryCompletion.ScientificClosure.SISCIdentityNoGo,formalization/ueot-core/UEOT/V3/Compression/TheoryCompletion/ScientificClosure/SISCIdentityNoGo.lean,Compression/TheoryCompletion,59,2683,4,1,5,1,0,0,0,0,0,33,0418575fa55e61fb2932804fd220b6d2ec7368ed23a6ab89ba3ad6a49f699c0c,4,0,0,0,0,0,UEOT_MAINTAINED
UEOT.V3.Compression.TheoryCompletion.ScientificClosure.SISCInsufficientTests,formalization/ueot-core/UEOT/V3/Compression/TheoryCompletion/ScientificClosure/SISCInsufficientTests.lean,Compression/TheoryCompletion,109,4320,4,2,6,2,0,0,0,0,0,80,50e205433f94077b33819a8867f680c7d2b38df52f901280de6d51d044b36cfa,4,3,2,3,0,0,UEOT_MAINTAINED
UEOT.V3.Compression.TheoryCompletion.ScientificClosure.SISCInterventionParentIdentification,formalization/ueot-core/UEOT/V3/Compression/TheoryCompletion/ScientificClosure/SISCInterventionParentIdentification.lean,Compression/TheoryCompletion,77,3263,5,1,6,4,0,0,0,0,1,44,bfe4d2383f31283022bd7171e545d1a79d31448100b7bdc7804fadbf3429215d,5,4,2,3,0,0,UEOT_MAINTAINED
UEOT.V3.Compression.TheoryCompletion.ScientificClosure.SISCInterventionSamplingPower,formalization/ueot-core/UEOT/V3/Compression/TheoryCompletion/ScientificClosure/SISCInterventionSamplingPower.lean,Compression/TheoryCompletion,156,7105,3,1,4,3,0,0,0,0,0,117,efc218467f52fa25f97dfa7cde0bf04b2602c53b9cd7472c29adf32a3d8dd714,3,4,2,2,0,0,UEOT_MAINTAINED
UEOT.V3.Compression.TheoryCompletion.ScientificClosure.SISCInterventionTransferAudit,formalization/ueot-core/UEOT/V3/Compression/TheoryCompletion/ScientificClosure/SISCInterventionTransferAudit.lean,Compression/TheoryCompletion,165,7884,6,1,8,3,0,0,0,0,1,114,618d78fb36c181575ac7aaf299b3d685616e37aa0925bd188ed7c9dde74825cc,6,6,4,10,0,0,UEOT_MAINTAINED
UEOT.V3.Compression.TheoryCompletion.ScientificClosure.SISCInterventionTransferExamples,formalization/ueot-core/UEOT/V3/Compression/TheoryCompletion/ScientificClosure/SISCInterventionTransferExamples.lean,Compression/TheoryCompletion,112,4284,6,3,9,2,0,0,0,0,0,76,6a9f7beac1c114b38116f8379875d4dd473416662346f580a1d126d5fce9e7eb,6,8,4,4,0,0,UEOT_MAINTAINED
UEOT.V3.Compression.TheoryCompletion.ScientificClosure.SISCJoint2DRejection,formalization/ueot-core/UEOT/V3/Compression/TheoryCompletion/ScientificClosure/SISCJoint2DRejection.lean,Compression/TheoryCompletion,87,3724,3,1,4,2,0,0,0,0,0,58,5068bd4bd9d8cb9598500b56aef4d6a969912fd2fb79e92810e6b86114b8fc00,3,4,2,1,0,0,UEOT_MAINTAINED
UEOT.V3.Compression.TheoryCompletion.ScientificClosure.SISCKernelLineageBridge,formalization/ueot-core/UEOT/V3/Compression/TheoryCompletion/ScientificClosure/SISCKernelLineageBridge.lean,Compression/TheoryCompletion,151,7070,6,2,8,3,0,0,0,0,0,95,0041caf4580c4e9bb4d2c6e9fd016ed0a17dec9a4b0b1b075bb2a584bd4e702b,6,4,4,6,0,0,UEOT_MAINTAINED
UEOT.V3.Compression.TheoryCompletion.ScientificClosure.SISCKernelLineageExamples,formalization/ueot-core/UEOT/V3/Compression/TheoryCompletion/ScientificClosure/SISCKernelLineageExamples.lean,Compression/TheoryCompletion,97,3923,6,1,7,3,0,0,0,0,1,73,4741d4f8cb23277c661a42960f63b5c2c2b21b2c7c792224b3e88fa8cd047f7e,6,12,3,11,0,0,UEOT_MAINTAINED
UEOT.V3.Compression.TheoryCompletion.ScientificClosure.SISCLinearPredictiveLift,formalization/ueot-core/UEOT/V3/Compression/TheoryCompletion/ScientificClosure/SISCLinearPredictiveLift.lean,Compression/TheoryCompletion,123,5402,3,3,6,4,0,0,0,0,0,83,f08ab91480f2e6fa7b82a973a679873f97ccd0483c5a258a0956aa499d3c7616,3,1,1,1,0,0,UEOT_MAINTAINED
UEOT.V3.Compression.TheoryCompletion.ScientificClosure.SISCMeanResponseCalibration,formalization/ueot-core/UEOT/V3/Compression/TheoryCompletion/ScientificClosure/SISCMeanResponseCalibration.lean,Compression/TheoryCompletion,323,15432,8,3,11,2,0,0,0,0,1,255,5d1565737e0b792a48dbdcf62c1f7ddebe22a21c089d2ddbe81e616697b0c013,8,10,6,7,0,0,UEOT_MAINTAINED
UEOT.V3.Compression.TheoryCompletion.ScientificClosure.SISCMechanisticPaths,formalization/ueot-core/UEOT/V3/Compression/TheoryCompletion/ScientificClosure/SISCMechanisticPaths.lean,Compression/TheoryCompletion,80,3751,1,2,3,2,0,0,0,0,0,58,3426a8ec1121c9ac8860895b3acd1bccdc412762464c30c1f5b24d2113351694,1,1,1,1,0,0,UEOT_MAINTAINED
UEOT.V3.Compression.TheoryCompletion.ScientificClosure.SISCModelKernelReconciliation,formalization/ueot-core/UEOT/V3/Compression/TheoryCompletion/ScientificClosure/SISCModelKernelReconciliation.lean,Compression/TheoryCompletion,102,4486,3,2,5,2,0,0,0,0,0,71,a4bcd1ddb0a38feac2bf89b75afa59cd54afb777d5fd73cc9281627900a58ea4,3,4,2,2,0,0,UEOT_MAINTAINED
UEOT.V3.Compression.TheoryCompletion.ScientificClosure.SISCObservableLumpability,formalization/ueot-core/UEOT/V3/Compression/TheoryCompletion/ScientificClosure/SISCObservableLumpability.lean,Compression/TheoryCompletion,120,5158,3,3,6,2,0,0,0,0,0,82,722c17e7b1f25d96e8490a40accdc16d74697e0e278fea0ea6f7271a29f60ed6,3,3,2,2,0,0,UEOT_MAINTAINED
UEOT.V3.Compression.TheoryCompletion.ScientificClosure.SISCObservationOrderBridge,formalization/ueot-core/UEOT/V3/Compression/TheoryCompletion/ScientificClosure/SISCObservationOrderBridge.lean,Compression/TheoryCompletion,74,3264,3,1,4,2,0,0,0,0,0,42,795c8e802ba5cdfb51329f2b50ac6154731228a175c7231fdb01a17748c0eaa5,3,5,3,2,0,0,UEOT_MAINTAINED
UEOT.V3.Compression.TheoryCompletion.ScientificClosure.SISCPathStability,formalization/ueot-core/UEOT/V3/Compression/TheoryCompletion/ScientificClosure/SISCPathStability.lean,Compression/TheoryCompletion,79,3496,3,0,3,2,0,0,0,0,0,60,dbea9e2f5695469a61b6f46f4bd0f91766e72cd6ab5eb74f7cf289e7bb673689,3,2,1,1,0,0,UEOT_MAINTAINED
UEOT.V3.Compression.TheoryCompletion.ScientificClosure.SISCProtocolNonvacuity,formalization/ueot-core/UEOT/V3/Compression/TheoryCompletion/ScientificClosure/SISCProtocolNonvacuity.lean,Compression/TheoryCompletion,36,1506,2,0,2,1,0,0,0,0,1,18,b6bb82efda487125ec08b15adc80da5eeab9ad40826435cb589bdfcd34d777ee,2,0,0,0,0,0,UEOT_MAINTAINED
UEOT.V3.Compression.TheoryCompletion.ScientificClosure.SISCRegisteredCandidateExamples,formalization/ueot-core/UEOT/V3/Compression/TheoryCompletion/ScientificClosure/SISCRegisteredCandidateExamples.lean,Compression/TheoryCompletion,172,7041,6,5,11,2,0,0,0,0,0,138,77a99ad228380d8189e01b2175423849bac5916e36593894488d8f5af693341d,6,1,1,0,0,0,UEOT_MAINTAINED
UEOT.V3.Compression.TheoryCompletion.ScientificClosure.SISCRegisteredCausalCandidates,formalization/ueot-core/UEOT/V3/Compression/TheoryCompletion/ScientificClosure/SISCRegisteredCausalCandidates.lean,Compression/TheoryCompletion,300,13814,8,6,16,4,0,0,0,0,0,217,60c4e4dd3bf20b066a94d6cfa00ff2b7fb98ca113da6aa788d167c16980aa0e0,8,6,5,9,0,0,UEOT_MAINTAINED
UEOT.V3.Compression.TheoryCompletion.ScientificClosure.SISCResourcePurpose,formalization/ueot-core/UEOT/V3/Compression/TheoryCompletion/ScientificClosure/SISCResourcePurpose.lean,Compression/TheoryCompletion,76,3209,3,2,6,2,0,0,0,0,0,44,2b44ee5714f031e2d3e3e32f015df717480d7db08448aaaa2deee77aa04fa465,3,0,0,0,0,0,UEOT_MAINTAINED
UEOT.V3.Compression.TheoryCompletion.ScientificClosure.SISCSeparationPower,formalization/ueot-core/UEOT/V3/Compression/TheoryCompletion/ScientificClosure/SISCSeparationPower.lean,Compression/TheoryCompletion,194,8873,5,0,5,2,0,0,0,0,0,153,d2c03d3cd1e28fbb557d7c150834e591df118009ded24a7d83155f73977c77d7,5,6,4,5,0,0,UEOT_MAINTAINED
UEOT.V3.Compression.TheoryCompletion.ScientificClosure.SISCStatisticalCandidateCalibration,formalization/ueot-core/UEOT/V3/Compression/TheoryCompletion/ScientificClosure/SISCStatisticalCandidateCalibration.lean,Compression/TheoryCompletion,170,7530,3,2,5,4,0,0,0,0,0,125,43cfd68a2596976afad4b590d1394b312525c4c41984e18a2a71bbe183c59470,3,4,2,2,0,0,UEOT_MAINTAINED
UEOT.V3.Compression.TheoryCompletion.ScientificClosure.SISCStochasticBeliefBridge,formalization/ueot-core/UEOT/V3/Compression/TheoryCompletion/ScientificClosure/SISCStochasticBeliefBridge.lean,Compression/TheoryCompletion,85,3832,3,1,4,3,0,0,0,0,0,54,7f8fc9ad1e3c5871c5e018ad7c359a91fdf4d7c536469be0a91a22a1a4043d2e,3,2,1,1,0,0,UEOT_MAINTAINED
UEOT.V3.Compression.TheoryCompletion.ScientificClosure.SISCStochasticDescent,formalization/ueot-core/UEOT/V3/Compression/TheoryCompletion/ScientificClosure/SISCStochasticDescent.lean,Compression/TheoryCompletion,72,2904,2,1,3,2,1,1,0,0,1,45,2b7a8b44a6d96e74346f293399a60b1337470cef0dd8caa472883efec7488167,2,2,2,2,0,0,UEOT_MAINTAINED
UEOT.V3.Compression.TheoryCompletion.ScientificClosure.SISCStochasticPredictiveIntertwining,formalization/ueot-core/UEOT/V3/Compression/TheoryCompletion/ScientificClosure/SISCStochasticPredictiveIntertwining.lean,Compression/TheoryCompletion,258,11521,9,3,12,3,0,0,0,0,0,187,f6321281f4921792153799485eb392f8e8242fc0492902daf99337e5a1aab824,9,7,6,7,0,0,UEOT_MAINTAINED
UEOT.V3.Compression.TheoryCompletion.ScientificClosure.SISCStochasticTraceNoGo,formalization/ueot-core/UEOT/V3/Compression/TheoryCompletion/ScientificClosure/SISCStochasticTraceNoGo.lean,Compression/TheoryCompletion,199,8309,13,4,17,2,1,1,0,10,0,145,eefadc59676255021d2d4dc946feeea8a895d41ed959f0f9f4103835884864ec,5,5,3,6,0,0,UEOT_MAINTAINED
UEOT.V3.Compression.TheoryCompletion.ScientificClosure.SISCUniqueSuccessor,formalization/ueot-core/UEOT/V3/Compression/TheoryCompletion/ScientificClosure/SISCUniqueSuccessor.lean,Compression/TheoryCompletion,128,5937,4,3,7,2,0,0,0,0,0,93,0781141c0db9ce6db7b59ab466435cb24c07379ef64eb11302ab6e0c9039c9ed,4,2,2,2,0,0,UEOT_MAINTAINED
UEOT.V3.Compression.TheoryCompletion.SemanticBoundaries,formalization/ueot-core/UEOT/V3/Compression/TheoryCompletion/SemanticBoundaries.lean,Compression/TheoryCompletion,162,6229,8,4,12,6,0,0,0,0,0,125,ada1c42ddb5800999a6e1cd13f0676fc18de8fcc13267edb45084c35128d0859,8,10,4,4,0,0,UEOT_MAINTAINED
UEOT.V3.Compression.TheoryCompletion.StatePathTeleologyBoundary,formalization/ueot-core/UEOT/V3/Compression/TheoryCompletion/StatePathTeleologyBoundary.lean,Compression/TheoryCompletion,68,2362,3,1,4,1,0,0,0,0,1,39,2dcf5c634958550b5a65c55e7052e877441d4deb482c63b57926b7b8cc37f48e,3,0,0,0,0,0,UEOT_MAINTAINED
UEOT.V3.Compression.TheoryCompletion.StatisticalConsistency,formalization/ueot-core/UEOT/V3/Compression/TheoryCompletion/StatisticalConsistency.lean,Compression/TheoryCompletion,16,972,0,0,0,10,0,0,0,0,0,10,9a9636804e3e904512905b4a6476fc7ef158db0ed031067ef3521991cf177361,0,0,0,0,0,0,UEOT_MAINTAINED
UEOT.V3.Compression.TheoryCompletion.StatisticalConsistency.CarrierConsistency,formalization/ueot-core/UEOT/V3/Compression/TheoryCompletion/StatisticalConsistency/CarrierConsistency.lean,Compression/TheoryCompletion,169,7247,6,2,8,3,0,0,0,0,0,149,a5531df9da48d16a0d97c9dcf9afe2e541eb604c3513ca5b57f08f2b9d91914b,6,15,4,7,0,0,UEOT_MAINTAINED
UEOT.V3.Compression.TheoryCompletion.StatisticalConsistency.ConfidenceSchedule,formalization/ueot-core/UEOT/V3/Compression/TheoryCompletion/StatisticalConsistency/ConfidenceSchedule.lean,Compression/TheoryCompletion,174,6788,6,3,9,5,0,0,0,0,1,140,e94b6facc82da5b5e5e4e02dd26cb6f999104b02cbe9e422fe8d696481b6174c,6,4,2,4,0,0,UEOT_MAINTAINED
UEOT.V3.Compression.TheoryCompletion.StatisticalConsistency.Contract,formalization/ueot-core/UEOT/V3/Compression/TheoryCompletion/StatisticalConsistency/Contract.lean,Compression/TheoryCompletion,78,2939,3,0,5,3,1,1,1,0,0,42,a16c2669767586af9f803164072f8ae01b92a1b056faafdaa64f99b6f51c6cc3,3,0,0,1,0,0,UEOT_MAINTAINED
UEOT.V3.Compression.TheoryCompletion.StatisticalConsistency.ControlEstimatorBridge,formalization/ueot-core/UEOT/V3/Compression/TheoryCompletion/StatisticalConsistency/ControlEstimatorBridge.lean,Compression/TheoryCompletion,170,7298,6,1,8,3,0,0,0,1,0,125,e32d9154dd9b3d8c64e34f7459ba59c6fa3a7088ba8205e56c6d6da4f187003a,5,1,1,0,0,0,UEOT_MAINTAINED
UEOT.V3.Compression.TheoryCompletion.StatisticalConsistency.GoaConsistency,formalization/ueot-core/UEOT/V3/Compression/TheoryCompletion/StatisticalConsistency/GoaConsistency.lean,Compression/TheoryCompletion,143,6598,3,1,4,4,0,0,0,0,0,123,347304db4c1fac3f9d7b1392dd7b37cd0d3bf94ff390a7ac16fadf08e7a48206,3,5,2,3,0,0,UEOT_MAINTAINED
UEOT.V3.Compression.TheoryCompletion.StatisticalConsistency.GodPolicyConsistency,formalization/ueot-core/UEOT/V3/Compression/TheoryCompletion/StatisticalConsistency/GodPolicyConsistency.lean,Compression/TheoryCompletion,179,7375,3,2,5,6,0,0,0,0,0,159,6633fb5d5f917b622e0de9fd6a1932a83fe85ec3c9660ed01c00795ad37708f5,3,8,3,3,0,0,UEOT_MAINTAINED
UEOT.V3.Compression.TheoryCompletion.StatisticalConsistency.PredictiveConsistency,formalization/ueot-core/UEOT/V3/Compression/TheoryCompletion/StatisticalConsistency/PredictiveConsistency.lean,Compression/TheoryCompletion,81,3414,3,0,3,4,0,0,0,0,0,52,8f31be4d6a56299d6c6d0e295dbf051a60249b9b78b8e07fe754beea1de320f9,3,5,2,4,0,0,UEOT_MAINTAINED
UEOT.V3.Compression.TheoryCompletion.StatisticalConsistency.PredictiveSeparation,formalization/ueot-core/UEOT/V3/Compression/TheoryCompletion/StatisticalConsistency/PredictiveSeparation.lean,Compression/TheoryCompletion,102,3448,6,2,8,3,0,0,0,2,0,90,754ed6697988e07de450a896f1ef8af30480954b8e972aa0f32966744a93edf0,4,4,3,6,0,0,UEOT_MAINTAINED
UEOT.V3.Compression.TheoryCompletion.StatisticalConsistency.StructuralControlClosure,formalization/ueot-core/UEOT/V3/Compression/TheoryCompletion/StatisticalConsistency/StructuralControlClosure.lean,Compression/TheoryCompletion,67,2814,1,1,2,1,0,0,0,0,0,47,10eabe96102cc68d607e6fb8eedeab8c351425317a3c9e07291c88bbee8dab76,1,1,1,1,0,0,UEOT_MAINTAINED
UEOT.V3.Compression.TheoryCompletion.StatisticalConsistency.TerminalClosure,formalization/ueot-core/UEOT/V3/Compression/TheoryCompletion/StatisticalConsistency/TerminalClosure.lean,Compression/TheoryCompletion,140,6632,3,0,3,2,1,1,1,0,1,84,fea5315700a5684188f92cb483af6587c24c35e76d8d29db70ee8750732b4653,3,6,3,1,0,0,UEOT_MAINTAINED
UEOT.V3.Compression.TheoryCompletion.StochasticSubstrate,formalization/ueot-core/UEOT/V3/Compression/TheoryCompletion/StochasticSubstrate.lean,Compression/TheoryCompletion,120,5155,4,0,4,4,2,2,0,0,3,83,4135cf9ca1ba92770fd6ea48d4a7fbc3e5e94a5dc7e6b3308aa3427fde631a0e,4,5,4,2,0,0,UEOT_MAINTAINED
UEOT.V3.Compression.TheoryCompletion.TeleologicalContract,formalization/ueot-core/UEOT/V3/Compression/TheoryCompletion/TeleologicalContract.lean,Compression/TheoryCompletion,334,12708,18,17,36,6,0,0,0,10,3,246,ce503f6ead9c6b7d9065cce705ecb7db38eeeb0edc87d9c323b940ad38a2028c,14,8,6,8,0,0,UEOT_MAINTAINED
UEOT.V3.Compression.TheoryCompletion.TeleologicalGauge,formalization/ueot-core/UEOT/V3/Compression/TheoryCompletion/TeleologicalGauge.lean,Compression/TheoryCompletion,355,13689,18,12,32,3,0,0,0,2,4,270,36b6003fd7bce3c151c292933bd50a422fa7665208a169bef56dd280948d804f,18,15,10,12,0,0,UEOT_MAINTAINED
UEOT.V3.Compression.TheoryCompletion.UnifiedClosure.ActiveHiddenOptimalControlExample,formalization/ueot-core/UEOT/V3/Compression/TheoryCompletion/UnifiedClosure/ActiveHiddenOptimalControlExample.lean,Compression/TheoryCompletion,213,9381,8,5,13,2,0,0,0,2,0,163,6efec89d6bba906b22ad46b8bc5e4de407898c80a962f4d5ff1b511612f6236a,6,7,4,5,0,0,UEOT_MAINTAINED
UEOT.V3.Compression.TheoryCompletion.UnifiedClosure.BeliefTimingBoundary,formalization/ueot-core/UEOT/V3/Compression/TheoryCompletion/UnifiedClosure/BeliefTimingBoundary.lean,Compression/TheoryCompletion,79,3600,4,0,4,5,1,1,0,0,1,50,53fce6d427ae87ce20a921d6f4b299c157ad9d7ef116e4e7908fc93daabb9547,4,4,4,2,0,0,UEOT_MAINTAINED
UEOT.V3.Compression.TheoryCompletion.UnifiedClosure.CoreInfinitePathClosure,formalization/ueot-core/UEOT/V3/Compression/TheoryCompletion/UnifiedClosure/CoreInfinitePathClosure.lean,Compression/TheoryCompletion,88,3851,2,0,2,3,0,0,0,0,0,57,b3ea7e21821058e91835fb33cf38982715080d211f2ccb6f14dfef8c8992469e,2,7,2,3,0,0,UEOT_MAINTAINED
UEOT.V3.Compression.TheoryCompletion.UnifiedClosure.CoreNonvacuousAllTimesWitness,formalization/ueot-core/UEOT/V3/Compression/TheoryCompletion/UnifiedClosure/CoreNonvacuousAllTimesWitness.lean,Compression/TheoryCompletion,159,6531,2,2,4,3,0,0,0,0,0,134,8a8355cc662a69f8481b2db6d98dd4c451489eca38c3c77ab385e59bc5aaddf3,2,7,2,1,0,0,UEOT_MAINTAINED
UEOT.V3.Compression.TheoryCompletion.UnifiedClosure.CorePMFViabilityReconciliation,formalization/ueot-core/UEOT/V3/Compression/TheoryCompletion/UnifiedClosure/CorePMFViabilityReconciliation.lean,Compression/TheoryCompletion,152,5986,3,0,3,4,0,0,0,0,0,117,f10ea17371a95c39d1b393c34c1c8519a38793b7d7eba611b738cbe062a3e24a,3,7,3,4,0,0,UEOT_MAINTAINED
UEOT.V3.Compression.TheoryCompletion.UnifiedClosure.CoreSourceAllTimesAssembly,formalization/ueot-core/UEOT/V3/Compression/TheoryCompletion/UnifiedClosure/CoreSourceAllTimesAssembly.lean,Compression/TheoryCompletion,104,4208,1,0,1,2,0,0,0,0,0,74,0c6c4cd9fdbac7b0c219f0e2b46e03f2add3c56cc6b5062670de255104680a56,1,4,1,0,0,0,UEOT_MAINTAINED
UEOT.V3.Compression.TheoryCompletion.UnifiedClosure.DependentEventFormationBudget,formalization/ueot-core/UEOT/V3/Compression/TheoryCompletion/UnifiedClosure/DependentEventFormationBudget.lean,Compression/TheoryCompletion,86,3643,1,0,1,3,0,0,0,0,0,67,568141c311f2875c89835f5e9ce83f6b213ac8fbb0b3c497fa390515e21f75d8,1,2,1,0,0,0,UEOT_MAINTAINED
UEOT.V3.Compression.TheoryCompletion.UnifiedClosure.DeterministicDiracPredictiveBridge,formalization/ueot-core/UEOT/V3/Compression/TheoryCompletion/UnifiedClosure/DeterministicDiracPredictiveBridge.lean,Compression/TheoryCompletion,114,4590,5,1,6,4,0,0,0,0,0,85,c48830217f10a2be87ed9ca0392d3435efa864a255a668868f772251be9cc5d3,5,6,4,6,0,0,UEOT_MAINTAINED
UEOT.V3.Compression.TheoryCompletion.UnifiedClosure.DualDriveGaugeCompleteness,formalization/ueot-core/UEOT/V3/Compression/TheoryCompletion/UnifiedClosure/DualDriveGaugeCompleteness.lean,Compression/TheoryCompletion,98,3562,4,1,5,3,0,0,0,0,0,68,1e75cadad4277d968dfad6edb18e7901ac439adf994342c4daad654c34443664,4,1,1,0,0,0,UEOT_MAINTAINED
UEOT.V3.Compression.TheoryCompletion.UnifiedClosure.DualDriveLinearGauge,formalization/ueot-core/UEOT/V3/Compression/TheoryCompletion/UnifiedClosure/DualDriveLinearGauge.lean,Compression/TheoryCompletion,60,2349,3,1,4,3,0,0,0,0,1,31,421414eba150cb20d3ce6f9d9191638777adb2e520821f606345dde01ab09298,3,0,0,0,0,0,UEOT_MAINTAINED
UEOT.V3.Compression.TheoryCompletion.UnifiedClosure.FiniteCommonProcessWitness,formalization/ueot-core/UEOT/V3/Compression/TheoryCompletion/UnifiedClosure/FiniteCommonProcessWitness.lean,Compression/TheoryCompletion,102,4668,6,1,7,3,0,0,0,0,1,60,96adc9d209cc264efd06a14a1a1d202a95a980d75aa61ef9ee9b0ecd1a6770d9,6,8,4,4,0,0,UEOT_MAINTAINED
UEOT.V3.Compression.TheoryCompletion.UnifiedClosure.FiniteFormationBoundary,formalization/ueot-core/UEOT/V3/Compression/TheoryCompletion/UnifiedClosure/FiniteFormationBoundary.lean,Compression/TheoryCompletion,96,4452,6,1,7,4,1,1,0,0,0,57,2b579cb735d59997abaf945dab0e680ea556f4ac093d8381d2d5f80d59748fb1,6,9,3,4,0,1,UEOT_MAINTAINED
UEOT.V3.Compression.TheoryCompletion.UnifiedClosure.FinitePredictiveProbeCompleteness,formalization/ueot-core/UEOT/V3/Compression/TheoryCompletion/UnifiedClosure/FinitePredictiveProbeCompleteness.lean,Compression/TheoryCompletion,152,6382,5,0,5,3,0,0,0,0,0,117,adc94ed44c6be6c6bcbfec3ce9db18b7f6dcbe63b596d9f7cf5ba27c13e20d89,5,5,4,4,0,0,UEOT_MAINTAINED
UEOT.V3.Compression.TheoryCompletion.UnifiedClosure.MeasurableProcessTransport,formalization/ueot-core/UEOT/V3/Compression/TheoryCompletion/UnifiedClosure/MeasurableProcessTransport.lean,Compression/TheoryCompletion,70,3050,3,0,3,4,1,1,0,0,1,44,0216064320c3a01924ffd06131cd7e44b568efd95ef598d3e57fe81e5f7e325a,3,1,1,0,0,0,UEOT_MAINTAINED
UEOT.V3.Compression.TheoryCompletion.UnifiedClosure.MultiScaleExactControlComposition,formalization/ueot-core/UEOT/V3/Compression/TheoryCompletion/UnifiedClosure/MultiScaleExactControlComposition.lean,Compression/TheoryCompletion,115,4836,1,1,2,2,0,0,0,0,0,87,5f9662286e6c62c454ff3e8ced9cd61e833c6863c1a007ac3fa888c6e915c994,1,2,1,0,0,0,UEOT_MAINTAINED
UEOT.V3.Compression.TheoryCompletion.UnifiedClosure.MultiScaleFiniteWitness,formalization/ueot-core/UEOT/V3/Compression/TheoryCompletion/UnifiedClosure/MultiScaleFiniteWitness.lean,Compression/TheoryCompletion,166,7249,3,4,7,3,0,0,0,0,1,112,dc8f98708602204bb72bb84f5a5d3b9372195fac2fe7736f3e5b4cadc1e3ec55,3,3,3,0,0,0,UEOT_MAINTAINED
UEOT.V3.Compression.TheoryCompletion.UnifiedClosure.OrganizationalCoreAssembly,formalization/ueot-core/UEOT/V3/Compression/TheoryCompletion/UnifiedClosure/OrganizationalCoreAssembly.lean,Compression/TheoryCompletion,107,4727,2,2,4,5,0,0,0,0,1,73,0bbde4dba8624eb1c5d8afa352823c3de069794de94de29c18c6ab555aef6ac5,2,2,2,2,0,0,UEOT_MAINTAINED
UEOT.V3.Compression.TheoryCompletion.UnifiedClosure.OrganizationalSufficiencyWitness,formalization/ueot-core/UEOT/V3/Compression/TheoryCompletion/UnifiedClosure/OrganizationalSufficiencyWitness.lean,Compression/TheoryCompletion,82,3533,5,2,7,3,0,0,0,0,1,53,cbdd8870c4bd526787e35d3b5fd02964c4b4f0665e267abffe7a34d0024768f5,5,5,4,2,0,0,UEOT_MAINTAINED
UEOT.V3.Compression.TheoryCompletion.UnifiedClosure.OrganizationalViabilityMaximality,formalization/ueot-core/UEOT/V3/Compression/TheoryCompletion/UnifiedClosure/OrganizationalViabilityMaximality.lean,Compression/TheoryCompletion,139,6067,2,0,2,2,0,0,0,0,0,111,189b8a90b37f6834f81703b60756a5944495cf62f8d681a862b3a06743489814,2,10,2,1,0,0,UEOT_MAINTAINED
UEOT.V3.Compression.TheoryCompletion.UnifiedClosure.PredictiveGoalClosureBoundary,formalization/ueot-core/UEOT/V3/Compression/TheoryCompletion/UnifiedClosure/PredictiveGoalClosureBoundary.lean,Compression/TheoryCompletion,108,4747,3,2,5,3,0,0,0,0,0,72,8189f417d8f8b3258e7e98dd4bc74e5a414e8fb39778b3c3ded40e30021e2662,3,3,3,1,0,0,UEOT_MAINTAINED
UEOT.V3.Compression.TheoryCompletion.UnifiedClosure.PredictiveOptimalControlLift,formalization/ueot-core/UEOT/V3/Compression/TheoryCompletion/UnifiedClosure/PredictiveOptimalControlLift.lean,Compression/TheoryCompletion,158,6628,1,2,3,3,0,0,0,0,0,129,3a0b637ab4c6943bceac6b1ca5e00dd9bedbfb9e5a3f86e86279513d3e0e63bd,1,1,1,0,0,0,UEOT_MAINTAINED
UEOT.V3.Compression.TheoryCompletion.UnifiedClosure.PredictiveViabilityTransport,formalization/ueot-core/UEOT/V3/Compression/TheoryCompletion/UnifiedClosure/PredictiveViabilityTransport.lean,Compression/TheoryCompletion,218,9336,6,4,10,2,0,0,0,0,0,164,91625f32e42e01d873986312a8af799bbae1552d78697c2f7dccb33a4ff324db,6,5,5,7,0,0,UEOT_MAINTAINED
UEOT.V3.Compression.TheoryCompletion.UnifiedClosure.ProgramPurposeInformationBoundary,formalization/ueot-core/UEOT/V3/Compression/TheoryCompletion/UnifiedClosure/ProgramPurposeInformationBoundary.lean,Compression/TheoryCompletion,110,5062,6,2,8,4,1,1,0,0,0,63,5982adf943733e921c2ef2b646eb24cdfc139c298793a966fedc61bcaa49bad1,6,4,3,3,0,1,UEOT_MAINTAINED
UEOT.V3.Compression.TheoryCompletion.UnifiedClosure.RepairProgramSafeControlBridge,formalization/ueot-core/UEOT/V3/Compression/TheoryCompletion/UnifiedClosure/RepairProgramSafeControlBridge.lean,Compression/TheoryCompletion,90,4150,3,1,4,3,0,0,0,0,0,55,4dc786fa20164deed93dd8f4d03d0d17380dac0df3571553f9fc1a55f93c292b,3,3,3,0,0,0,UEOT_MAINTAINED
UEOT.V3.Compression.TheoryCompletion.UnifiedClosure.SafeCausalHistoryTransport,formalization/ueot-core/UEOT/V3/Compression/TheoryCompletion/UnifiedClosure/SafeCausalHistoryTransport.lean,Compression/TheoryCompletion,99,4415,3,0,4,3,0,0,0,0,0,66,66718aa7cf8dd67dd0118fdddd741eb05cde35094896982f8893b5cbf07d0197,3,5,3,3,0,0,UEOT_MAINTAINED
UEOT.V3.Compression.TheoryCompletion.UnifiedClosure.SafeOptimalControlFromViability,formalization/ueot-core/UEOT/V3/Compression/TheoryCompletion/UnifiedClosure/SafeOptimalControlFromViability.lean,Compression/TheoryCompletion,110,4655,3,2,5,3,0,0,0,0,0,76,992b2a60fc1c969bd15362473084aad003d15c45503eb3e792c6bcedb70d3628,3,3,2,5,0,0,UEOT_MAINTAINED
UEOT.V3.Compression.TheoryCompletion.UnifiedClosure.SafeRewardConflictWitness,formalization/ueot-core/UEOT/V3/Compression/TheoryCompletion/UnifiedClosure/SafeRewardConflictWitness.lean,Compression/TheoryCompletion,104,4393,3,2,5,3,0,0,0,0,0,74,d68fe68a91acd37f2f9852273ce0919f2ad55ba5404f2b0c5c7f9de42d184fe8,3,5,2,1,0,0,UEOT_MAINTAINED
UEOT.V3.Compression.TheoryCompletion.UnifiedClosure.StochasticHiddenAliasExample,formalization/ueot-core/UEOT/V3/Compression/TheoryCompletion/UnifiedClosure/StochasticHiddenAliasExample.lean,Compression/TheoryCompletion,160,7166,8,4,12,2,0,0,0,0,0,114,6e6a3d1149f51d98eba2b11b01423aa8dd199e3714d95332433731bf28ac9664,8,8,5,4,0,0,UEOT_MAINTAINED
UEOT.V3.Compression.TheoryCompletion.UnifiedClosure.StochasticPersistentHiddenExample,formalization/ueot-core/UEOT/V3/Compression/TheoryCompletion/UnifiedClosure/StochasticPersistentHiddenExample.lean,Compression/TheoryCompletion,167,7819,7,2,9,2,0,0,0,1,0,128,20e0472cd5a24e95d3b024bef65fd23bab3a7f8cc9c2ab30e73349d9b536277b,6,9,4,7,0,0,UEOT_MAINTAINED
UEOT.V3.Compression.TheoryCompletion.UnifiedClosure.StochasticPredictiveNullspace,formalization/ueot-core/UEOT/V3/Compression/TheoryCompletion/UnifiedClosure/StochasticPredictiveNullspace.lean,Compression/TheoryCompletion,163,7586,4,0,4,2,0,0,0,0,0,122,0dab5acd3d413babffa15be695cca53f6cc4582bc81a939f7cf9142f6b7cdb59,4,5,3,3,0,0,UEOT_MAINTAINED
UEOT.V3.Compression.TheoryCompletion.UnifiedClosure.StochasticPredictiveObservabilityBridge,formalization/ueot-core/UEOT/V3/Compression/TheoryCompletion/UnifiedClosure/StochasticPredictiveObservabilityBridge.lean,Compression/TheoryCompletion,157,7129,5,2,7,3,0,0,0,0,0,124,f32c0c77fa10d802409716f27e48146191d8e2456a4b029b723a80a8ddd611a6,5,6,4,12,0,0,UEOT_MAINTAINED
UEOT.V3.Compression.TheoryCompletion.UnifiedClosure.StochasticPredictiveRobustObservability,formalization/ueot-core/UEOT/V3/Compression/TheoryCompletion/UnifiedClosure/StochasticPredictiveRobustObservability.lean,Compression/TheoryCompletion,94,4299,2,0,2,2,0,0,0,0,0,64,4f5304df7c1fdc5d3c824c0cf7de84e4b686bc8375e4d2bd1fed5ecb74d3624b,2,2,1,1,0,0,UEOT_MAINTAINED
UEOT.V3.Compression.TheoryCompletion.UnifiedClosure.TwoStageCommonProcessExample,formalization/ueot-core/UEOT/V3/Compression/TheoryCompletion/UnifiedClosure/TwoStageCommonProcessExample.lean,Compression/TheoryCompletion,102,4183,5,1,6,3,0,0,0,0,0,70,38e5657a7e4144118209e130b54d19896596d1272c1e86cddf8789ebe6d07c82,5,6,3,4,0,0,UEOT_MAINTAINED
UEOT.V3.Compression.TheoryCompletion.UnifiedClosure.TwoStageFormationTransport,formalization/ueot-core/UEOT/V3/Compression/TheoryCompletion/UnifiedClosure/TwoStageFormationTransport.lean,Compression/TheoryCompletion,113,5147,3,0,3,3,1,1,0,0,1,86,12f6453ce3375f56c40ee1d84872b8b78eb7b1876447e7228747dc99aeda2d90,3,4,3,3,0,0,UEOT_MAINTAINED
UEOT.V3.Compression.TheoryCompletion.UnifiedClosure.UnifiedCoreClosureCertificate,formalization/ueot-core/UEOT/V3/Compression/TheoryCompletion/UnifiedClosure/UnifiedCoreClosureCertificate.lean,Compression/TheoryCompletion,135,5804,2,1,3,2,0,0,0,0,0,99,570084b1a96ed142e965a33e9c9aac3c1e610910fde0c6bea1a126defc932378,2,6,2,1,0,0,UEOT_MAINTAINED
UEOT.V3.Compression.TheoryCompletion.UnifiedClosure.ViabilityKernelIntertwining,formalization/ueot-core/UEOT/V3/Compression/TheoryCompletion/UnifiedClosure/ViabilityKernelIntertwining.lean,Compression/TheoryCompletion,406,16728,12,4,16,2,0,0,0,0,1,330,f224e77b28f78c025807599472282d011dab26b8c34d61c70a6868e54abc5c49,12,12,9,21,0,0,UEOT_MAINTAINED
UEOT.V3.Compression.TheoryCompletion.UnifiedClosure.ViabilityNonvacuityWitness,formalization/ueot-core/UEOT/V3/Compression/TheoryCompletion/UnifiedClosure/ViabilityNonvacuityWitness.lean,Compression/TheoryCompletion,115,4156,6,3,9,2,0,0,0,0,1,87,c4c9f456011063805a639fbc0b49b00bb70d96b4ab5e781b2acbd31f3283482f,6,0,0,0,0,0,UEOT_MAINTAINED
UEOT.V3.Compression.TopologyChangingGoaAnchoredStability,formalization/ueot-core/UEOT/V3/Compression/TopologyChangingGoaAnchoredStability.lean,Compression/root,330,12709,17,2,20,1,0,0,0,5,0,233,ea3e1b422fcb05ce8f931906f253ec42d69152ba18114db9a1255b9537b440db,12,30,11,16,0,0,UEOT_MAINTAINED
UEOT.V3.Compression.TopologyChangingGoaDobrushinL1Bridge,formalization/ueot-core/UEOT/V3/Compression/TopologyChangingGoaDobrushinL1Bridge.lean,Compression/root,248,9548,12,0,12,2,0,0,0,0,0,206,a8c1cb6c752051e73946cdcbc2c353b9b178f0c0035c36496b763e163547ca6e,12,19,8,13,0,0,UEOT_MAINTAINED
UEOT.V3.Compression.TopologyChangingGoaDobrushinSeparation,formalization/ueot-core/UEOT/V3/Compression/TopologyChangingGoaDobrushinSeparation.lean,Compression/root,166,7090,12,0,12,2,0,0,0,0,0,115,30079f8cb1172e95e6fe12588475230212f6c376ae5f094b9e422172bdc3292f,12,26,11,11,0,0,UEOT_MAINTAINED
UEOT.V3.Compression.TopologyChangingGoaFunctionalGraphClassification,formalization/ueot-core/UEOT/V3/Compression/TopologyChangingGoaFunctionalGraphClassification.lean,Compression/root,757,28809,29,2,31,3,1,1,1,9,0,681,64240d0c9ea20c05d7c26924085ddff4d28691337c122b0527898342e928f966,20,32,16,27,0,0,UEOT_MAINTAINED
UEOT.V3.Compression.TopologyChangingGoaInvariantUniquenessIsolation,formalization/ueot-core/UEOT/V3/Compression/TopologyChangingGoaInvariantUniquenessIsolation.lean,Compression/root,426,16655,15,0,15,3,0,0,0,7,1,378,8b0236f8f6a93227ded70a4155d6705874dadb47607ae91d90d952b5a1639c13,8,16,8,15,0,0,UEOT_MAINTAINED
UEOT.V3.Compression.TopologyChangingGoaL1ResetFamily,formalization/ueot-core/UEOT/V3/Compression/TopologyChangingGoaL1ResetFamily.lean,Compression/root,197,8194,7,1,8,1,0,0,0,0,0,164,c3272025f5108c393452d97e905ea9201ebb564de1eb22fe06649cbbe563ac0c,7,24,6,10,0,0,UEOT_MAINTAINED
UEOT.V3.Compression.TopologyChangingGoaL1ResidualAdapter,formalization/ueot-core/UEOT/V3/Compression/TopologyChangingGoaL1ResidualAdapter.lean,Compression/root,333,14510,16,4,20,2,0,0,0,0,0,259,b553de4551454e3135d0b9cddc0f5dbe63a5a1654c9d00156216fa37eb63f69b,16,31,13,56,0,0,UEOT_MAINTAINED
UEOT.V3.Compression.TopologyChangingGoaL1ResidualConorm,formalization/ueot-core/UEOT/V3/Compression/TopologyChangingGoaL1ResidualConorm.lean,Compression/root,385,16101,20,2,22,4,0,0,0,0,0,331,341df4ffe80fa901111865503195f539616567b63b708b4fc8f180bcb01342b2,20,48,17,39,0,0,UEOT_MAINTAINED
UEOT.V3.Compression.TopologyChangingGoaL1StrictImprovement,formalization/ueot-core/UEOT/V3/Compression/TopologyChangingGoaL1StrictImprovement.lean,Compression/root,198,8505,7,1,8,1,0,0,0,0,0,168,c848c06fb4da921895b7456d8a49a41118a187e9c8e56042dcfb3fd72cd70bff,7,24,6,9,0,0,UEOT_MAINTAINED
UEOT.V3.Compression.TopologyChangingGoaMultiStepAnchoredStability,formalization/ueot-core/UEOT/V3/Compression/TopologyChangingGoaMultiStepAnchoredStability.lean,Compression/root,396,15353,24,4,29,1,0,0,0,12,7,291,59443259c1cd569129504b7ad6be9aae9b75b2ac39c150d5c15316e58b41de09,12,24,10,16,0,0,UEOT_MAINTAINED
UEOT.V3.Compression.TopologyChangingGoaPermutationClassification,formalization/ueot-core/UEOT/V3/Compression/TopologyChangingGoaPermutationClassification.lean,Compression/root,325,12564,16,1,17,2,0,0,0,8,0,275,834e4a6fb8b86dcb6bbe08f6cced1cb5109c93cba99b7178df3e04abdb62fa73,8,13,6,8,0,0,UEOT_MAINTAINED
UEOT.V3.Compression.TopologyChangingGoaRecurrentClassUniqueness,formalization/ueot-core/UEOT/V3/Compression/TopologyChangingGoaRecurrentClassUniqueness.lean,Compression/root,246,9817,13,1,14,2,0,0,0,5,0,197,8fcfe6ebeba7fec76d190785ff4384c9ca8d72b1a7dda88115be5185b2e8cee5,8,10,8,7,0,0,UEOT_MAINTAINED
UEOT.V3.Compression.TopologyChangingGoaResidualInverseStability,formalization/ueot-core/UEOT/V3/Compression/TopologyChangingGoaResidualInverseStability.lean,Compression/root,367,13928,16,2,19,1,0,0,0,1,0,264,0aca00eaf5c9d7bbf353eb8e8fe3368dbef3c7d2d735f05b63e7cd45181b09c1,15,36,14,31,0,0,UEOT_MAINTAINED
UEOT.V3.Compression.TopologyChangingGoaRestrictedResidualAdapter,formalization/ueot-core/UEOT/V3/Compression/TopologyChangingGoaRestrictedResidualAdapter.lean,Compression/root,245,10576,9,4,13,2,0,0,0,0,0,173,31471917f89916aede8a58dc6d4e4d672b13183624e816e36b93488747da4f9d,9,14,6,35,0,0,UEOT_MAINTAINED
UEOT.V3.Compression.TopologyChangingGoaSemantics,formalization/ueot-core/UEOT/V3/Compression/TopologyChangingGoaSemantics.lean,Compression/root,652,26193,29,4,33,1,0,0,0,0,1,488,23faf12a53ec5663d6f03abe2c102ccd32d2ccf39a712276fad53247e44c5c37,29,53,19,47,0,0,UEOT_MAINTAINED
UEOT.V3.Compression.TopologyChangingGoaSharpSingularValue,formalization/ueot-core/UEOT/V3/Compression/TopologyChangingGoaSharpSingularValue.lean,Compression/root,196,7604,4,1,5,1,0,0,1,0,0,128,9f8ef760215d95678af2e64cfb1d14c010aacadadf3ffc66d5956b2e654fa069,4,8,3,12,0,0,UEOT_MAINTAINED
UEOT.V3.Compression.TopologyChangingGoaSpectralIsolation,formalization/ueot-core/UEOT/V3/Compression/TopologyChangingGoaSpectralIsolation.lean,Compression/root,314,12235,11,3,16,2,0,0,0,4,0,229,dca69a3379045744307134926df56557760da04be21e93cc0822f4b9fe246342,7,6,3,17,0,0,UEOT_MAINTAINED
UEOT.V3.Compression.TopologyChangingGoaStabilityCertificate,formalization/ueot-core/UEOT/V3/Compression/TopologyChangingGoaStabilityCertificate.lean,Compression/root,142,5679,6,0,6,2,0,0,0,0,0,73,7e14399c6fc5f329b9d1c8357d7a26ba01fac34b68f5059fdab0349c6c91e6cd,6,14,6,4,0,0,UEOT_MAINTAINED
UEOT.V3.Compression.TopologyChangingGoaTrackSClosure,formalization/ueot-core/UEOT/V3/Compression/TopologyChangingGoaTrackSClosure.lean,Compression/root,141,6811,7,0,7,2,1,1,1,0,2,93,5d9e80490e5b85e883ead6eda0d1c2d255bb1b4058dafe7546b799094b4a66a6,7,12,7,2,0,0,UEOT_MAINTAINED
UEOT.V3.Compression.TopologyChangingGoaZeroMassDimension,formalization/ueot-core/UEOT/V3/Compression/TopologyChangingGoaZeroMassDimension.lean,Compression/root,110,4117,5,0,5,2,0,0,1,0,0,61,990b8fa7829cb17ba1d173b4bad2cffddf28bbc3d0b901e07fed83d694d810d9,5,6,4,10,0,0,UEOT_MAINTAINED
UEOT.V3.Compression.TopologyChangingGoaZeroMassNormSharpness,formalization/ueot-core/UEOT/V3/Compression/TopologyChangingGoaZeroMassNormSharpness.lean,Compression/root,128,4676,5,1,6,1,0,0,0,0,0,82,5c44dfb4def6db9b83e10fa8e7c16a1bee719beef0bd07226e6cc94fe6912326,5,6,2,5,0,0,UEOT_MAINTAINED
UEOT.V3.Compression.TransportCertificate,formalization/ueot-core/UEOT/V3/Compression/TransportCertificate.lean,Compression/root,561,22327,14,0,14,4,4,4,0,0,0,442,6def721f70ee273372a97faa6e15387baec83f7442eb95f9ae25c449741904c4,14,17,8,13,1,4,UEOT_MAINTAINED
UEOT.V3.Compression.TransportPathError,formalization/ueot-core/UEOT/V3/Compression/TransportPathError.lean,Compression/root,84,3342,1,0,1,2,1,1,1,0,0,63,b44f7c4de5febbf462927eb265024af88d387f20052db53a79735ca241bbf6b8,1,5,1,0,0,1,UEOT_MAINTAINED
UEOT.V3.Compression.ValueAlignment,formalization/ueot-core/UEOT/V3/Compression/ValueAlignment.lean,Compression/root,262,9789,9,5,14,2,2,2,0,0,0,194,fb46704196d3969b6191629108f71567ac0ad84870d9b5db5818c26e96fb5dd4,9,10,5,10,0,2,UEOT_MAINTAINED
UEOT.V3.Compression.ValueSpanClosure,formalization/ueot-core/UEOT/V3/Compression/ValueSpanClosure.lean,Compression/root,185,8391,5,0,5,1,0,0,0,0,0,147,06c74cecb1945f025847c126dc455be77a1d2ca18990c2e68c6ce373899224e9,5,11,4,6,0,0,UEOT_MAINTAINED
UEOT.V3.Compression.WeightedQuotientGauge,formalization/ueot-core/UEOT/V3/Compression/WeightedQuotientGauge.lean,Compression/root,284,10477,13,3,16,1,0,0,0,0,0,236,3e04f377bc8a58ce8fa6fb63226e81f2dbf61bc7d03f7516f884ec89f6b831d2,13,17,7,19,0,0,UEOT_MAINTAINED
UEOT.V3.ConcreteHistoryMarkovization,formalization/ueot-core/UEOT/V3/ConcreteHistoryMarkovization.lean,V3/general,190,7347,10,4,14,3,0,0,0,0,1,131,e330b56addfdd6440ddf41aa9bb8dd4cf8fe95e31831809fd064190a025f70b2,10,10,6,4,1,0,UEOT_MAINTAINED
UEOT.V3.CoreOperationalAssembly,formalization/ueot-core/UEOT/V3/CoreOperationalAssembly.lean,V3/general,865,38484,15,15,33,15,0,0,0,0,0,698,1f8c4f5be6d3906cdeaa6d88809cc5e0fa5f601ce8b69b21cef67a16dc7a7384,15,32,13,21,2,0,UEOT_MAINTAINED
UEOT.V3.Decision,formalization/ueot-core/UEOT/V3/Decision.lean,V3/general,37,1377,4,0,4,2,0,0,0,0,1,30,3ae0d13c7a5e791926c6efd4ed49bbe3d691d8b0cd5bff1596315d3573e60702,4,0,0,1,1,0,UEOT_MAINTAINED
UEOT.V3.DecoderRadius,formalization/ueot-core/UEOT/V3/DecoderRadius.lean,V3/general,107,3456,4,4,8,1,0,0,0,0,0,82,85e29bd1d3233eab39421d472a7fc0f13f3722c72a81d9f7a070d3c861111385,4,3,2,5,1,0,UEOT_MAINTAINED
UEOT.V3.DesignIdentifiability,formalization/ueot-core/UEOT/V3/DesignIdentifiability.lean,V3/general,95,3600,3,4,7,2,0,0,0,0,0,60,d45527f957658d2986b9a8a5775b981310deb22068965438219ed3cd9c2e45f0,3,2,1,3,1,0,UEOT_MAINTAINED
UEOT.V3.DevelopmentTransport,formalization/ueot-core/UEOT/V3/DevelopmentTransport.lean,V3/general,167,6250,4,0,4,3,0,0,0,0,0,122,8aa6ef160dba5c54a8b0c2cc9001fcc09dc0cb6a0002a3946110373a06c88571,4,3,3,3,1,0,UEOT_MAINTAINED
UEOT.V3.DiffusionHJBVerification,formalization/ueot-core/UEOT/V3/DiffusionHJBVerification.lean,V3/general,313,11737,14,3,21,6,1,1,0,0,1,235,6685ef527451e7f9e127ae9cc1d130373039b2e90c8bd3be42abbb497a882e31,14,12,9,13,1,0,UEOT_MAINTAINED
UEOT.V3.DualDriveGauge,formalization/ueot-core/UEOT/V3/DualDriveGauge.lean,V3/general,31,1120,2,0,2,2,0,0,0,0,1,14,33ffa39484bd2900ae3d21a172bb1059468deb047d5af7e7fab1c1272391a26c,2,1,1,4,1,0,UEOT_MAINTAINED
UEOT.V3.DynamicsCrossScale,formalization/ueot-core/UEOT/V3/DynamicsCrossScale.lean,V3/general,108,3855,2,0,2,2,2,2,0,0,0,79,710eab7be7e91cd3ae6970e7d08f930c44952bd5bdb638b1bdfd52951ce20b44,2,3,1,1,1,2,UEOT_MAINTAINED
UEOT.V3.DynamicsKernel,formalization/ueot-core/UEOT/V3/DynamicsKernel.lean,V3/general,658,24580,30,9,39,2,0,0,0,0,5,571,97ed375855ff5d76e657f3d2c135ef4b36fa154c7377106fc24d1a97126599bc,30,41,17,90,1,0,UEOT_MAINTAINED
UEOT.V3.EvolutionPerronGrowth,formalization/ueot-core/UEOT/V3/EvolutionPerronGrowth.lean,V3/general,305,11390,8,4,13,5,0,0,0,0,0,219,e2704083674395caf9e86a3eca5fe131f77371080282e189d7b7fd67ac83bec8,8,10,5,11,1,0,UEOT_MAINTAINED
UEOT.V3.EvolutionPrice,formalization/ueot-core/UEOT/V3/EvolutionPrice.lean,V3/general,155,6278,3,7,10,5,0,0,0,0,0,112,17218f652f928b65c02d20d6d87a315c94a32a95babfd2b556c6ffeb4cbda624,3,2,1,3,1,0,UEOT_MAINTAINED
UEOT.V3.EvolutionReproductiveMartingale,formalization/ueot-core/UEOT/V3/EvolutionReproductiveMartingale.lean,V3/general,277,11061,10,2,12,4,0,0,1,0,0,216,71e4f201b8ea9c9bb48372554aaff16a83113e8197fb0a272a95215507ecd863,10,9,5,9,0,0,UEOT_MAINTAINED
UEOT.V3.EvolutionSharedLabel,formalization/ueot-core/UEOT/V3/EvolutionSharedLabel.lean,V3/general,208,8110,12,3,15,4,0,0,0,8,0,174,1a7cc33487651876515c506003e9ec0cc0a9227dea59addb40c7c922b4fd78d6,4,5,1,3,1,0,UEOT_MAINTAINED
UEOT.V3.ExponentialFamilyCalculus,formalization/ueot-core/UEOT/V3/ExponentialFamilyCalculus.lean,V3/general,280,11634,14,13,27,6,0,0,0,0,0,199,71a53c317ed74903b35229389fc946c3a0edc46dd8ae46f553ab861615810d4d,14,18,10,18,1,0,UEOT_MAINTAINED
UEOT.V3.ExponentialFamilyIProjection,formalization/ueot-core/UEOT/V3/ExponentialFamilyIProjection.lean,V3/general,304,10826,7,2,9,6,0,0,0,0,0,237,2dad3afc3f2a708d0b4a57051d8ca22e2c9245ebb38423e918e2a1cabf980dc1,7,10,5,10,1,0,UEOT_MAINTAINED
UEOT.V3.FiniteAlphabetConcentration,formalization/ueot-core/UEOT/V3/FiniteAlphabetConcentration.lean,V3/general,165,6313,5,2,7,4,0,0,0,0,0,126,2ee3e3ac690df51ba25306a8db8820e703e332f9e285c7de6317a4a4fd420a8a,5,5,4,5,0,0,UEOT_MAINTAINED
UEOT.V3.FiniteAlphabetPStat01,formalization/ueot-core/UEOT/V3/FiniteAlphabetPStat01.lean,V3/general,183,7290,3,0,3,4,0,0,1,0,0,156,38b729e0b6b0bbc47d82707af759cc79bea5cb6dc8bc07170c5b0b9a7a70a5db,3,7,3,3,1,0,UEOT_MAINTAINED
UEOT.V3.FiniteAlphabetPStat01Radius,formalization/ueot-core/UEOT/V3/FiniteAlphabetPStat01Radius.lean,V3/general,151,6170,2,1,3,4,0,0,0,1,0,126,08484f1848a6f7d9557784da5f409558eb54c50ab3ebb00a53954253aa77cc10,1,3,1,0,0,0,UEOT_MAINTAINED
UEOT.V3.FiniteAlphabetSampling,formalization/ueot-core/UEOT/V3/FiniteAlphabetSampling.lean,V3/general,211,8711,7,3,10,6,0,0,1,3,1,177,752cc082ba4c8ef21a5817f99d326e0ded80f8b96053d5ff6ba0229eb18fceeb,4,2,1,7,0,0,UEOT_MAINTAINED
UEOT.V3.FiniteBayesBelief,formalization/ueot-core/UEOT/V3/FiniteBayesBelief.lean,V3/general,253,10757,9,11,26,1,3,3,1,0,0,180,1ea79d7c1217c4a3292b790c000d1c1f6fc9777439f8b8a0102157a5e52e97ed,9,3,3,9,0,0,UEOT_MAINTAINED
UEOT.V3.FiniteCTMCPathKL,formalization/ueot-core/UEOT/V3/FiniteCTMCPathKL.lean,V3/general,3101,132595,128,44,172,4,0,0,0,0,8,2777,645013420b0fa15554f555aef6305c92fbd90cfe32d3d92cefd5aa634492a6ba,128,218,92,175,1,0,UEOT_MAINTAINED
UEOT.V3.FiniteCandidateDiscovery,formalization/ueot-core/UEOT/V3/FiniteCandidateDiscovery.lean,V3/general,59,2032,2,0,2,2,0,0,0,0,0,32,a617ad6cf0dd90af1a4dd8ea8a7c0d7953e878adf2d46c52e331feaa304cce1b,2,1,1,3,0,0,UEOT_MAINTAINED
UEOT.V3.FiniteCandidatePStat08,formalization/ueot-core/UEOT/V3/FiniteCandidatePStat08.lean,V3/general,129,4922,2,1,3,5,0,0,0,1,0,100,d0256d4fa48b659a1f5af39707def9d3d1f6b61ba667c48ff4467bb754deb80e,1,2,1,1,1,0,UEOT_MAINTAINED
UEOT.V3.FiniteCesaroInvariant,formalization/ueot-core/UEOT/V3/FiniteCesaroInvariant.lean,V3/general,231,9109,9,2,11,5,1,1,1,2,1,185,c119dda626e4f6e274df4419388d043fdefd5ceec8e4dfa5d9b8c1378d7b205a,7,6,3,23,1,1,UEOT_MAINTAINED
UEOT.V3.FiniteDiscountedApproxQuotient,formalization/ueot-core/UEOT/V3/FiniteDiscountedApproxQuotient.lean,V3/general,202,7801,10,5,16,5,0,0,0,0,0,147,0120633e891b2424b1fe329d4973290ecb67571c74e3973788fd65b92967aab6,10,8,5,23,0,0,UEOT_MAINTAINED
UEOT.V3.FiniteDiscountedApproxQuotientBounds,formalization/ueot-core/UEOT/V3/FiniteDiscountedApproxQuotientBounds.lean,V3/general,303,12120,13,4,17,2,0,0,0,0,0,239,d95d88186c454a9bea961eff5ca74ab9c9b26a623b0855a9b374047a0fac8d3f,13,22,12,23,1,0,UEOT_MAINTAINED
UEOT.V3.FiniteDiscountedCausal,formalization/ueot-core/UEOT/V3/FiniteDiscountedCausal.lean,V3/general,151,6969,4,2,7,2,0,0,0,0,0,112,bd523354f5447cc408389deb7b7a6a69c9965ef3bfdfac27997675768efde81c,4,2,1,4,0,0,UEOT_MAINTAINED
UEOT.V3.FiniteDiscountedCausalInfinite,formalization/ueot-core/UEOT/V3/FiniteDiscountedCausalInfinite.lean,V3/general,203,9523,5,1,6,2,0,0,0,0,0,168,a65004e7d55ccc2cc1818126891eace444cb63ae79222d8b8d448b6c39f2c969,5,5,4,14,0,0,UEOT_MAINTAINED
UEOT.V3.FiniteDiscountedControl,formalization/ueot-core/UEOT/V3/FiniteDiscountedControl.lean,V3/general,196,8223,12,6,19,3,2,2,1,0,3,133,71ed018764a8f83e0b09ea25e066ca2fe3f5994a4a1bba82651072a15eb2faeb,12,10,10,39,0,2,UEOT_MAINTAINED
UEOT.V3.FiniteDiscountedExactQuotient,formalization/ueot-core/UEOT/V3/FiniteDiscountedExactQuotient.lean,V3/general,225,9768,13,3,17,2,0,0,0,0,1,156,bd7b718f62a67108d2c78a02f3157a056f2e1820e913b5b2acd089b2e931e9a9,13,21,10,34,1,0,UEOT_MAINTAINED
UEOT.V3.FiniteDiscountedGreedy,formalization/ueot-core/UEOT/V3/FiniteDiscountedGreedy.lean,V3/general,165,6807,12,2,14,2,0,0,0,0,0,105,58f7f9062893718af874ebf74bd9a24c76cbcf89afac9de533090cc48e9b95f5,12,12,8,8,1,0,UEOT_MAINTAINED
UEOT.V3.FiniteDiscountedOccupancy,formalization/ueot-core/UEOT/V3/FiniteDiscountedOccupancy.lean,V3/general,430,17782,22,8,31,2,0,0,0,0,0,351,9c6ee100dd4dc74425a45a3991d0e6dde7aaa11684e39325c827e9fdf66ec9e4,22,21,10,19,1,0,UEOT_MAINTAINED
UEOT.V3.FiniteDiscountedOccupancyRegret,formalization/ueot-core/UEOT/V3/FiniteDiscountedOccupancyRegret.lean,V3/general,439,18661,17,7,25,3,0,0,0,0,0,345,0515d0cf62ee2a2d4b3c07413ec4ceac32fa1442fa5dc728b6247bcc3bb671d3,17,27,12,16,1,0,UEOT_MAINTAINED
UEOT.V3.FiniteDiscountedPolicyResolvent,formalization/ueot-core/UEOT/V3/FiniteDiscountedPolicyResolvent.lean,V3/general,457,18886,25,15,41,2,0,0,0,0,1,367,bfd2f5365131022d55ea759db4af01012ca459211f7210274e1620b3ebb8a68a,25,26,16,34,0,0,UEOT_MAINTAINED
UEOT.V3.FiniteDiscountedSelector,formalization/ueot-core/UEOT/V3/FiniteDiscountedSelector.lean,V3/general,169,6961,12,2,14,2,0,0,0,0,1,116,0da107b3f0bcdb63d06b50c5178b419d36c231c9d1f819fc84dacbab38cb6b89,12,11,7,18,0,0,UEOT_MAINTAINED
UEOT.V3.FiniteDiscountedSelectorValue,formalization/ueot-core/UEOT/V3/FiniteDiscountedSelectorValue.lean,V3/general,82,3429,6,1,7,2,0,0,0,0,0,47,3f9c04b1d995711bb00a85d2baa5bdbc6d003a3ce24a67f959ffdbe359874610,6,8,6,6,0,0,UEOT_MAINTAINED
UEOT.V3.FiniteDobrushin,formalization/ueot-core/UEOT/V3/FiniteDobrushin.lean,V3/general,382,16113,18,8,26,9,0,0,0,0,2,304,5862b1717beb4f800842fef6d1720aae00f3dfa0c9f648112d358b1f91dbc860,18,34,16,81,1,0,UEOT_MAINTAINED
UEOT.V3.FiniteHistory,formalization/ueot-core/UEOT/V3/FiniteHistory.lean,V3/general,94,2699,8,8,16,1,0,0,0,0,1,58,3eb20c6d7caa3deb3abf5e90de253a1b47db2b732b534ca36a32fb9fc4595e32,8,0,0,3,0,0,UEOT_MAINTAINED
UEOT.V3.FiniteHistoryMeasurable,formalization/ueot-core/UEOT/V3/FiniteHistoryMeasurable.lean,V3/general,158,5737,8,0,8,2,0,0,0,0,3,126,043ac4e76c9e258d8ab65e158648be5256654bc6e09b8fc472a1b033eeb82d5a,8,6,4,23,0,0,UEOT_MAINTAINED
UEOT.V3.FiniteRecurrentDecompositionStability,formalization/ueot-core/UEOT/V3/FiniteRecurrentDecompositionStability.lean,V3/general,1373,58101,40,10,53,7,0,0,0,0,1,1176,2f8aa0e5a98f1091bba8a3d8f7556fcaa8fb68ebdee193187dbc2935362997ee,40,43,21,56,1,0,UEOT_MAINTAINED
UEOT.V3.FiniteStablePartition,formalization/ueot-core/UEOT/V3/FiniteStablePartition.lean,V3/general,161,5207,8,6,15,1,0,0,0,0,1,109,5b845baff06a8a8a474a394cb7aeba2e36f397dac04cca4d5432f09f7055ffd8,8,1,1,10,0,0,UEOT_MAINTAINED
UEOT.V3.FiniteStablePartitionCoarsest,formalization/ueot-core/UEOT/V3/FiniteStablePartitionCoarsest.lean,V3/general,117,4484,6,4,10,1,0,0,0,0,0,87,9547c505d98232e9d0c8ef68d70c5e96d4a8300ea62ed57dcfd5fedcf376ab3b,6,3,2,8,0,0,UEOT_MAINTAINED
UEOT.V3.FiniteStablePartitionCoarsestFixedPoint,formalization/ueot-core/UEOT/V3/FiniteStablePartitionCoarsestFixedPoint.lean,V3/general,104,3828,6,1,7,2,0,0,0,0,0,81,42c7504bdebf153b1e1d8aab6af86f588b9d6b5d004046c743f76b4d5d328d52,6,12,6,16,0,0,UEOT_MAINTAINED
UEOT.V3.FiniteStablePartitionFiniteHorizon,formalization/ueot-core/UEOT/V3/FiniteStablePartitionFiniteHorizon.lean,V3/general,214,8662,7,5,12,1,0,0,0,0,0,165,4f5c883b64f2758849c847fff21b9143fe7b27a8ead0f865aa165b7e1a866824,7,7,4,7,0,0,UEOT_MAINTAINED
UEOT.V3.FiniteStablePartitionQuotientLaw,formalization/ueot-core/UEOT/V3/FiniteStablePartitionQuotientLaw.lean,V3/general,90,3248,5,3,8,1,3,1,0,0,0,61,1d9a48b24c4c9da0797ffeda9f5fd65858a5b969294d28253ab5bcbcdd89e0cb,5,2,2,13,0,0,UEOT_MAINTAINED
UEOT.V3.FiniteStablePartitionQuotientNormalization,formalization/ueot-core/UEOT/V3/FiniteStablePartitionQuotientNormalization.lean,V3/general,90,3473,4,2,6,1,0,0,0,0,0,58,9b48d39e478d033b288592029959e7865bba1eb586212a0b5ab9ff07bfe2aea1,4,3,2,5,0,0,UEOT_MAINTAINED
UEOT.V3.FiniteStablePartitionTermination,formalization/ueot-core/UEOT/V3/FiniteStablePartitionTermination.lean,V3/general,197,6746,12,3,15,1,0,0,0,0,0,153,95e422df449d8f0163070839be8a520cd43cc329df3e0d53750de5bb79b11bd3,12,18,9,15,0,0,UEOT_MAINTAINED
UEOT.V3.FisherGauge,formalization/ueot-core/UEOT/V3/FisherGauge.lean,V3/general,86,3687,3,3,6,2,0,0,0,0,0,51,1744b70ce2cb4b27d88e563592ff1b62681b8e15611c41a78c96d6ee836c2e02,3,2,1,3,1,0,UEOT_MAINTAINED
UEOT.V3.FisherIntersection,formalization/ueot-core/UEOT/V3/FisherIntersection.lean,V3/general,362,15165,13,4,18,4,0,0,0,0,0,291,91ee97e2da88712ec9992cea3682b26362c7d56af04909a38ed12dd3fe7274e7,13,16,6,15,1,0,UEOT_MAINTAINED
UEOT.V3.FixedFitnessConcentration,formalization/ueot-core/UEOT/V3/FixedFitnessConcentration.lean,V3/general,224,8949,10,3,13,1,0,0,3,0,0,167,f1583db6ca43bb154084c7d1784f026bf2bb374f48a672344e6a64c5b48a8c29,10,18,10,10,0,0,UEOT_MAINTAINED
UEOT.V3.FixedFitnessRecurrenceUniqueness,formalization/ueot-core/UEOT/V3/FixedFitnessRecurrenceUniqueness.lean,V3/general,79,2714,2,0,2,1,0,0,1,0,0,53,b0514538085b26b35976651e710479bb4236b6697e9d7b1627908572364182e5,2,3,2,1,1,0,UEOT_MAINTAINED
UEOT.V3.FixedFitnessSelection,formalization/ueot-core/UEOT/V3/FixedFitnessSelection.lean,V3/general,218,8037,13,2,15,1,0,0,4,0,0,160,8212cd52c7cc192afd847f6b043b3a265d01d812c5b39042f8853f08bc9d577f,13,14,9,24,0,0,UEOT_MAINTAINED
UEOT.V3.FreeInformationValue,formalization/ueot-core/UEOT/V3/FreeInformationValue.lean,V3/general,92,3557,2,0,2,1,0,0,0,1,0,67,e4375851def0e735d54c7d3f56ba48517040e064073fdc1283a006f1d33c1a87,1,0,0,0,1,0,UEOT_MAINTAINED
UEOT.V3.GeneralBayesPosterior,formalization/ueot-core/UEOT/V3/GeneralBayesPosterior.lean,V3/general,123,5398,3,5,8,2,2,2,0,0,0,68,5b5cd1fcb88048caafbbd5d6d1d24f9f3f1e8cf6ce4027ccd775768ae6afafbd,3,0,0,3,0,0,UEOT_MAINTAINED
UEOT.V3.GirsanovPathKL,formalization/ueot-core/UEOT/V3/GirsanovPathKL.lean,V3/general,208,8744,9,1,11,4,1,1,0,0,0,137,f9ad0f6bfdf004e7f7e5d5ee29540287ab3d44bb934c2c40be11f1e1313a56f1,9,13,6,14,1,0,UEOT_MAINTAINED
UEOT.V3.HilbertMeanAzuma,formalization/ueot-core/UEOT/V3/HilbertMeanAzuma.lean,V3/general,85,3346,3,1,4,2,0,0,0,0,1,61,faddb235fddbfeaff5e27ad0f6d6de9eab3e0df43a8e910b90aae8a0babbfb2d,3,2,1,4,0,0,UEOT_MAINTAINED
UEOT.V3.HilbertMeanCenteredFiber,formalization/ueot-core/UEOT/V3/HilbertMeanCenteredFiber.lean,V3/general,113,4301,6,0,6,2,0,0,0,0,2,82,1b8ab2c03971809a35fa6220a1c31db93e33ab090a32fee3024ff78d9b4e5cdc,6,7,5,6,0,0,UEOT_MAINTAINED
UEOT.V3.HilbertMeanCommonSampleUnion,formalization/ueot-core/UEOT/V3/HilbertMeanCommonSampleUnion.lean,V3/general,53,1993,2,0,2,3,0,0,0,0,0,32,cfa54ec552d923a4058d1076193aa5a4accb6a687887757eb8477cba7c2bd7e7,2,2,1,2,0,0,UEOT_MAINTAINED
UEOT.V3.HilbertMeanConcentration,formalization/ueot-core/UEOT/V3/HilbertMeanConcentration.lean,V3/general,127,5026,5,1,6,2,0,0,0,0,0,94,2762957ecb38a33d8a6fe1e615759567cf7096970144330a9a5ed61a1f579ee4,5,3,3,9,0,0,UEOT_MAINTAINED
UEOT.V3.HilbertMeanConditionalHoeffding,formalization/ueot-core/UEOT/V3/HilbertMeanConditionalHoeffding.lean,V3/general,102,4472,2,0,2,3,0,0,0,0,0,72,bcc483a7cf824c422be788f697913d46551f3e91db1823389eff60521d9e85b9,2,1,1,2,0,0,UEOT_MAINTAINED
UEOT.V3.HilbertMeanConditionalSubGaussianLift,formalization/ueot-core/UEOT/V3/HilbertMeanConditionalSubGaussianLift.lean,V3/general,53,2085,2,0,2,2,0,0,0,0,1,33,f9170876d23ea68ae533ffa8479ebe34d0e4c8f700da405d46bcf77078c3ce5b,2,0,0,0,0,0,UEOT_MAINTAINED
UEOT.V3.HilbertMeanContinuationWidth,formalization/ueot-core/UEOT/V3/HilbertMeanContinuationWidth.lean,V3/general,67,2693,3,0,3,2,0,0,0,0,0,42,2c303ed3090947cc731fb2b1c723155a51b953f05f73c17acaf7f6d000535430,3,5,3,3,0,0,UEOT_MAINTAINED
UEOT.V3.HilbertMeanCoordinateSection,formalization/ueot-core/UEOT/V3/HilbertMeanCoordinateSection.lean,V3/general,58,2231,2,1,3,1,0,0,0,0,0,33,8f64d474bb48540cad9dd8cf583c53cf556a52b53e2d606040f5fabcd8b2d76e,2,2,2,2,0,0,UEOT_MAINTAINED
UEOT.V3.HilbertMeanDoobBlocks,formalization/ueot-core/UEOT/V3/HilbertMeanDoobBlocks.lean,V3/general,108,3530,9,4,13,3,0,0,0,0,0,72,944df0b2d1c77d37c9b4d23b0e83612658766e14ce023f917b4ed5b1018dc7e1,9,8,4,16,0,0,UEOT_MAINTAINED
UEOT.V3.HilbertMeanDoobCore,formalization/ueot-core/UEOT/V3/HilbertMeanDoobCore.lean,V3/general,72,2706,3,2,5,2,0,0,0,0,0,43,8d86120ebdd48ffc8b64f5ac57cb4646eb32a66469ad1dd557dc76577296ee14,3,0,0,2,0,0,UEOT_MAINTAINED
UEOT.V3.HilbertMeanDoobPrefixBridge,formalization/ueot-core/UEOT/V3/HilbertMeanDoobPrefixBridge.lean,V3/general,53,1914,1,0,1,3,0,0,0,0,0,35,9a2ef8c81d8a282afedd7e766670a539eb4b862cacf5f82ac4291306522951a2,1,1,1,1,0,0,UEOT_MAINTAINED
UEOT.V3.HilbertMeanDoobStatisticBridge,formalization/ueot-core/UEOT/V3/HilbertMeanDoobStatisticBridge.lean,V3/general,131,5008,3,1,4,2,0,0,0,0,0,102,cd7d04e9e73f43a924fcea7faf168b72758cdc295a316052aebd15b16e87ad5f,3,6,3,5,0,0,UEOT_MAINTAINED
UEOT.V3.HilbertMeanDoobTower,formalization/ueot-core/UEOT/V3/HilbertMeanDoobTower.lean,V3/general,55,2106,2,0,2,1,0,0,0,0,0,34,f47d012cadbc2dcd429186fe9dbb635fd5760bddc499fab96c0b60cc9ee9ab9d,2,1,1,2,0,0,UEOT_MAINTAINED
UEOT.V3.HilbertMeanFeatureProductBridge,formalization/ueot-core/UEOT/V3/HilbertMeanFeatureProductBridge.lean,V3/general,55,1999,2,0,2,2,0,0,0,0,0,34,becac1c9d8262e0cb143b06075040103750c0bd101d76a48ac57ef8e9cbe5ac6,2,1,1,2,0,0,UEOT_MAINTAINED
UEOT.V3.HilbertMeanFirstMoment,formalization/ueot-core/UEOT/V3/HilbertMeanFirstMoment.lean,V3/general,99,4187,2,0,2,2,0,0,0,0,0,77,2e4550140f3e31707a263d085fd763c6903b28379174f05ac7b08c4196bb47e5,2,3,1,2,0,0,UEOT_MAINTAINED
UEOT.V3.HilbertMeanFutureAveragedSection,formalization/ueot-core/UEOT/V3/HilbertMeanFutureAveragedSection.lean,V3/general,76,3218,2,1,3,2,0,0,0,0,0,48,0e6babafba0b5292d743f56e63f0727bbc1943848a07278cad8253a4de1983f6,2,4,2,1,0,0,UEOT_MAINTAINED
UEOT.V3.HilbertMeanIndependentCondDistrib,formalization/ueot-core/UEOT/V3/HilbertMeanIndependentCondDistrib.lean,V3/general,92,3623,2,0,2,4,0,0,0,0,0,66,24618d0cb46efe7c6d6af7fa64b6fc1c8331111c75c3cda37cad030125354811,2,1,1,3,0,0,UEOT_MAINTAINED
UEOT.V3.HilbertMeanIntegralContraction,formalization/ueot-core/UEOT/V3/HilbertMeanIntegralContraction.lean,V3/general,50,1904,2,0,2,2,0,0,0,0,0,30,f51152dac3c187de8b41c43dc77e88189515edbd4a89a5568498b2e0256f0706,2,1,1,4,0,0,UEOT_MAINTAINED
UEOT.V3.HilbertMeanMcDiarmidCore,formalization/ueot-core/UEOT/V3/HilbertMeanMcDiarmidCore.lean,V3/general,59,2594,1,0,1,1,0,0,0,0,0,35,4677a836b6c868080958bd135b86f425e6d3f473f202f758bf027f17cae3ec2d,1,2,1,0,0,0,UEOT_MAINTAINED
UEOT.V3.HilbertMeanPastActiveAssembly,formalization/ueot-core/UEOT/V3/HilbertMeanPastActiveAssembly.lean,V3/general,79,3113,3,1,4,2,0,0,0,0,0,55,928753c1df5c32ad88fddbba0480b20b6981409d402b72a3728d8d7cc56a791f,3,3,1,3,0,0,UEOT_MAINTAINED
UEOT.V3.HilbertMeanPastActiveClippedFiber,formalization/ueot-core/UEOT/V3/HilbertMeanPastActiveClippedFiber.lean,V3/general,211,9323,7,3,10,5,0,0,0,0,0,172,439e7e96b044ef874241395b3688e1acba7b6d3f553ee1ed8d5c31706c34f718,7,14,6,11,0,0,UEOT_MAINTAINED
UEOT.V3.HilbertMeanPastActiveContinuation,formalization/ueot-core/UEOT/V3/HilbertMeanPastActiveContinuation.lean,V3/general,97,4287,4,2,6,3,0,0,0,0,0,67,02a84bcccc2ac3ff7ea0b862e1e16a32d6aa526af76f1192649cbe5b184868ee,4,5,3,5,0,0,UEOT_MAINTAINED
UEOT.V3.HilbertMeanPastActiveIndependence,formalization/ueot-core/UEOT/V3/HilbertMeanPastActiveIndependence.lean,V3/general,82,3152,3,0,3,4,0,0,0,0,0,59,8489ee06f7ecf662e9e467180817202d41499c92bd9f37f1cae0a6e4bd4607a3,3,8,2,6,0,0,UEOT_MAINTAINED
UEOT.V3.HilbertMeanPrefixFiltration,formalization/ueot-core/UEOT/V3/HilbertMeanPrefixFiltration.lean,V3/general,131,5285,10,4,14,4,0,0,0,0,0,84,920b2a1b7942198e736956d25e16577449813a1cfe62822b1e1b202d204d05bf,10,7,4,11,0,0,UEOT_MAINTAINED
UEOT.V3.HilbertMeanPrefixFutureAssembly,formalization/ueot-core/UEOT/V3/HilbertMeanPrefixFutureAssembly.lean,V3/general,113,4218,7,1,8,2,0,0,0,0,0,80,a7c16312be0b962e94b809a05370a38265213f6d4fccd304f0458ba5af44fecc,7,6,5,7,0,0,UEOT_MAINTAINED
UEOT.V3.HilbertMeanPrefixPredecessor,formalization/ueot-core/UEOT/V3/HilbertMeanPrefixPredecessor.lean,V3/general,43,1468,2,0,2,2,0,0,0,0,0,24,5036aaab7c1a08636b47436fae4ee2d9070139c203b2d2b072da038f25a4384f,2,2,1,3,0,0,UEOT_MAINTAINED
UEOT.V3.HilbertMeanProductBlockIndependence,formalization/ueot-core/UEOT/V3/HilbertMeanProductBlockIndependence.lean,V3/general,112,4393,6,2,8,4,0,0,0,0,0,76,25deb996d9e53904525c4a4850a8a5aa9a4a5bdf7ab086c1ed60cb8935656743,6,8,4,24,0,0,UEOT_MAINTAINED
UEOT.V3.HilbertMeanProductLaw,formalization/ueot-core/UEOT/V3/HilbertMeanProductLaw.lean,V3/general,101,4046,5,1,6,2,0,0,0,0,1,71,3364f4b79453c24355b4dcab66515855680fa0a829b4a2e457e9712d66677d0b,5,3,3,3,0,0,UEOT_MAINTAINED
UEOT.V3.HilbertMeanRadius,formalization/ueot-core/UEOT/V3/HilbertMeanRadius.lean,V3/general,63,2549,2,1,3,4,0,0,0,0,0,44,39be52a4624a6b926d21fc9b137a5b919697bcf1c70d16189e2b2c19c9c3f40f,2,1,1,2,0,0,UEOT_MAINTAINED
UEOT.V3.HilbertMeanRangeWidth,formalization/ueot-core/UEOT/V3/HilbertMeanRangeWidth.lean,V3/general,90,3180,5,0,5,2,0,0,0,0,0,63,44d90dd718f4dbec27e005e41b0b32304dd37bd8159682c8f3a06de79d4e6d2a,5,3,2,10,0,0,UEOT_MAINTAINED
UEOT.V3.HilbertMeanSecondMoment,formalization/ueot-core/UEOT/V3/HilbertMeanSecondMoment.lean,V3/general,139,5743,4,0,4,4,0,0,0,0,0,110,b97fe18b3f51578e24e61d31fcc1066ea81e19e1197f763322bb6c1317f8fec5,4,3,2,5,0,0,UEOT_MAINTAINED
UEOT.V3.HilbertMeanSourceActiveIntegrability,formalization/ueot-core/UEOT/V3/HilbertMeanSourceActiveIntegrability.lean,V3/general,143,6544,5,2,7,2,0,0,1,0,0,112,ff9b47f3cec9240d7156fe8f99e589122ad26f3bac6e265fd59c85e48a54a342,5,12,4,7,0,0,UEOT_MAINTAINED
UEOT.V3.HilbertMeanSourceAzumaAssembly,formalization/ueot-core/UEOT/V3/HilbertMeanSourceAzumaAssembly.lean,V3/general,79,2944,1,0,1,4,0,0,0,0,0,62,061ff4e7a8b1b3aada4992928afe0293f131eae4b4b6c77eab3d598ed5e8d374,1,4,1,1,0,0,UEOT_MAINTAINED
UEOT.V3.HilbertMeanSourceCenteredFiber,formalization/ueot-core/UEOT/V3/HilbertMeanSourceCenteredFiber.lean,V3/general,95,4354,3,1,4,2,0,0,1,0,0,66,51248fcb291f3188562f0c85a9cafd9820c7ef83654d4034177bc8be6bd15526,3,5,3,4,0,0,UEOT_MAINTAINED
UEOT.V3.HilbertMeanSourceCenteredTail,formalization/ueot-core/UEOT/V3/HilbertMeanSourceCenteredTail.lean,V3/general,87,3194,1,0,1,3,0,0,0,0,0,70,0c1746e7a683b3ef033437262c234bca6c347bd59a7412db8b3c24235c8e48c8,1,3,1,1,0,0,UEOT_MAINTAINED
UEOT.V3.HilbertMeanSourceClippedIncrement,formalization/ueot-core/UEOT/V3/HilbertMeanSourceClippedIncrement.lean,V3/general,101,4262,3,1,4,3,0,0,0,0,0,76,71c9b7e4cb3c7df0486717a75845d1bdb86b02dd7cd64d2f4a4e7394715f166d,3,6,3,4,0,0,UEOT_MAINTAINED
UEOT.V3.HilbertMeanSourceConditionalMGF,formalization/ueot-core/UEOT/V3/HilbertMeanSourceConditionalMGF.lean,V3/general,74,2846,1,0,1,3,0,0,0,0,0,56,7b0abcb65c730117d479a33a94ebe29fbef10cf4ac6773febc703f1dcc53c38c,1,3,1,1,0,0,UEOT_MAINTAINED
UEOT.V3.HilbertMeanSourceContinuationWidth,formalization/ueot-core/UEOT/V3/HilbertMeanSourceContinuationWidth.lean,V3/general,139,5978,6,0,6,2,0,0,0,0,0,106,1f5d3b9d397b3fd8405dd5a7787ff22259202419fa33b5682865b1775011265d,6,9,3,8,0,0,UEOT_MAINTAINED
UEOT.V3.HilbertMeanSourceDoobConditionalMGF,formalization/ueot-core/UEOT/V3/HilbertMeanSourceDoobConditionalMGF.lean,V3/general,137,5447,2,0,2,7,0,0,0,0,0,116,fcf449908554f2eb56d55811096f5d2ff9c40e04c24377b093ded8c0051fac01,2,9,2,2,0,0,UEOT_MAINTAINED
UEOT.V3.HilbertMeanSourceFeaturePullback,formalization/ueot-core/UEOT/V3/HilbertMeanSourceFeaturePullback.lean,V3/general,122,5277,3,0,3,4,0,0,0,0,0,98,51851eb15eba551be14bf3304c3f229de50cf151701cf953a19523f1a23d3129,3,6,3,3,0,0,UEOT_MAINTAINED
UEOT.V3.HilbertMeanSourceFeatureRaw,formalization/ueot-core/UEOT/V3/HilbertMeanSourceFeatureRaw.lean,V3/general,70,2789,1,0,1,2,0,0,0,0,0,54,584ab3ec0d46e698077f0e65eb46ff8798546e4c4d785495935ebaccfea1ad60,1,1,1,0,0,0,UEOT_MAINTAINED
UEOT.V3.HilbertMeanSourceFiberHoeffding,formalization/ueot-core/UEOT/V3/HilbertMeanSourceFiberHoeffding.lean,V3/general,149,6436,3,1,4,4,0,0,0,1,0,122,d2cdc630ced53da1687fa6e5c60d6c1c184b2a7ca11f90ec83bed0939cd24f4e,2,4,2,2,0,0,UEOT_MAINTAINED
UEOT.V3.HilbertMeanSourceFirstIncrement,formalization/ueot-core/UEOT/V3/HilbertMeanSourceFirstIncrement.lean,V3/general,198,8258,4,3,7,5,0,0,0,0,0,165,41d9f6b944bf20644df84f3b9dac143347a37b9ffe0fe9deceb13ffec26c56d1,4,13,4,4,0,0,UEOT_MAINTAINED
UEOT.V3.HilbertMeanSourceFirstMoment,formalization/ueot-core/UEOT/V3/HilbertMeanSourceFirstMoment.lean,V3/general,130,5436,2,0,2,5,0,0,0,0,0,103,98c6a73b0c4baa1c2862107c7b9f9910dee05d685d81c21731c18710f7ee726f,2,4,1,2,0,0,UEOT_MAINTAINED
UEOT.V3.HilbertMeanSourceIncrementIdentification,formalization/ueot-core/UEOT/V3/HilbertMeanSourceIncrementIdentification.lean,V3/general,114,4533,1,0,1,6,0,0,0,0,0,96,0b8d868ffe5c9d813376e97637bcfea1db0438d9a06d8502c7242709060aa322,1,7,1,1,0,0,UEOT_MAINTAINED
UEOT.V3.HilbertMeanSourcePastFiber,formalization/ueot-core/UEOT/V3/HilbertMeanSourcePastFiber.lean,V3/general,132,6085,4,0,4,3,0,0,0,0,0,104,a1412e482245e5f976841546145c1db89278e70b871f835317412b2ea102ac26,4,13,4,7,0,0,UEOT_MAINTAINED
UEOT.V3.HilbertMeanSourceRadius,formalization/ueot-core/UEOT/V3/HilbertMeanSourceRadius.lean,V3/general,89,3663,2,1,3,3,0,0,0,0,0,67,0aabcefce66f8d01ad1939b392770772a15687dee817fc8502b4736b6b4986ca,2,3,1,2,1,0,UEOT_MAINTAINED
UEOT.V3.HilbertMeanSourceRationalMGF,formalization/ueot-core/UEOT/V3/HilbertMeanSourceRationalMGF.lean,V3/general,99,3899,2,1,3,4,0,0,0,0,0,78,b00a8f16bf04e668a8c578662e232072e3a653470c6e62660960b84ca72074aa,2,6,2,3,0,0,UEOT_MAINTAINED
UEOT.V3.HilbertMeanSourceSimultaneous,formalization/ueot-core/UEOT/V3/HilbertMeanSourceSimultaneous.lean,V3/general,45,1578,1,0,1,2,0,0,0,0,0,27,256b0aabbd18ed4829a53b3a230111f7ac57e1f0c62b1fd93aaa9357c026e565,1,1,1,0,0,0,UEOT_MAINTAINED
UEOT.V3.HilbertMeanSourceTerminalDoob,formalization/ueot-core/UEOT/V3/HilbertMeanSourceTerminalDoob.lean,V3/general,109,3972,3,1,4,2,0,0,0,0,0,84,bd9b1b3c95cca3aadae166a6d15a69cde67d97c9e5e56144202a8c6fe32c6310,3,6,3,3,0,0,UEOT_MAINTAINED
UEOT.V3.HilbertMeanSourceUncenteredTail,formalization/ueot-core/UEOT/V3/HilbertMeanSourceUncenteredTail.lean,V3/general,65,2556,1,0,1,4,0,0,0,0,0,49,1afe461e15065df6bac01772fa6e78186d45125530aa53457d2903df0cbe44f7,1,2,1,1,0,0,UEOT_MAINTAINED
UEOT.V3.HilbertMeanSourceVariance,formalization/ueot-core/UEOT/V3/HilbertMeanSourceVariance.lean,V3/general,129,5617,4,0,4,4,0,0,0,0,0,96,7250630fa7b4e009b49dd7516dc78c61092d606ead52613a20e12339ab3625fc,4,3,2,5,0,0,UEOT_MAINTAINED
UEOT.V3.HilbertMeanSplitStatistic,formalization/ueot-core/UEOT/V3/HilbertMeanSplitStatistic.lean,V3/general,173,8123,11,1,12,2,0,0,0,0,0,126,e5ed9fb544eeb08a0f0615afd2a29bf7f3ef98880eabc3b59dbb690df67e3b0a,11,15,8,22,0,0,UEOT_MAINTAINED
UEOT.V3.HilbertMeanSubGaussianLawTransfer,formalization/ueot-core/UEOT/V3/HilbertMeanSubGaussianLawTransfer.lean,V3/general,60,1987,2,0,2,3,0,0,0,0,0,43,78e491f7388b94da3691d052d58789974bc63715072ee693fac1b926a7c4df6a,2,0,0,2,0,0,UEOT_MAINTAINED
UEOT.V3.HilbertMeanUnion,formalization/ueot-core/UEOT/V3/HilbertMeanUnion.lean,V3/general,44,1525,1,0,1,2,0,0,0,0,0,24,d27ebb27d0d0ea921caadc39103793ee6e60f1d8b86f00f87f173893bfc5331b,1,0,0,2,0,0,UEOT_MAINTAINED
UEOT.V3.HilbertMeanUnitClip,formalization/ueot-core/UEOT/V3/HilbertMeanUnitClip.lean,V3/general,133,5410,10,1,11,2,0,0,0,0,0,91,32f3e89e857d9c578dffd2b2b07e7482c24a6d7b4c5313c2d110377b577a5329,10,11,6,16,0,0,UEOT_MAINTAINED
UEOT.V3.HistoryMarkovization,formalization/ueot-core/UEOT/V3/HistoryMarkovization.lean,V3/general,112,4137,7,1,9,2,2,0,0,0,3,67,3c4ace71219618f8d6989c6fbb18620e852ebd9714ead9c7ca9e6fb78efc4de3,7,6,5,6,0,0,UEOT_MAINTAINED
UEOT.V3.InformationBernoulliFano,formalization/ueot-core/UEOT/V3/InformationBernoulliFano.lean,V3/general,81,3081,2,0,2,5,0,0,1,0,0,63,2fdeb2c5210066a8f5b717a2b8b6dd71c9c1275bcf35e0cb9d08e11e5e13a6b8,2,4,2,2,0,0,UEOT_MAINTAINED
UEOT.V3.InformationBernoulliKL,formalization/ueot-core/UEOT/V3/InformationBernoulliKL.lean,V3/general,180,7081,5,1,6,6,0,0,1,0,0,154,1239439775a04e3c397f38654d7b0da87810144a7278ce45d5d9fe73bc2f6f2a,5,2,1,16,0,0,UEOT_MAINTAINED
UEOT.V3.InformationBinaryConditionalMean,formalization/ueot-core/UEOT/V3/InformationBinaryConditionalMean.lean,V3/general,53,1808,2,1,3,2,0,0,0,0,0,34,75fcd0d797c77bcfb7d2ac5ca7d7711f79d0b57d38160cb4a1bc3f2730ae4378,2,0,0,4,0,0,UEOT_MAINTAINED
UEOT.V3.InformationBinaryEntropy,formalization/ueot-core/UEOT/V3/InformationBinaryEntropy.lean,V3/general,79,3222,3,0,3,4,0,0,0,0,0,58,718ebc3e4a8d6e7e808ba875a1d0b97fbf7e71edbba9bd65dae3430735057446,3,2,2,4,0,0,UEOT_MAINTAINED
UEOT.V3.InformationBinaryKLEntropy,formalization/ueot-core/UEOT/V3/InformationBinaryKLEntropy.lean,V3/general,43,1568,1,0,1,3,0,0,0,0,0,28,911f68cc54ebed3dcd4988861385ec1cc73f67f8b705f025bb917de2fce12685,1,0,0,1,0,0,UEOT_MAINTAINED
UEOT.V3.InformationBinaryMutualEntropy,formalization/ueot-core/UEOT/V3/InformationBinaryMutualEntropy.lean,V3/general,327,14890,9,2,11,10,0,0,0,0,0,281,0e834d058fb6def45439f2a0ac6cc8e4c7729471e13e2c54704975d3ffbe026c,9,27,9,14,0,0,UEOT_MAINTAINED
UEOT.V3.InformationBinaryMutualFinite,formalization/ueot-core/UEOT/V3/InformationBinaryMutualFinite.lean,V3/general,95,4008,1,0,1,1,0,0,0,0,0,78,913024667c48665f1af8335676606f901213c20efd1e4c090fb4c753574c40f8,1,8,1,1,0,0,UEOT_MAINTAINED
UEOT.V3.InformationBinaryPosterior,formalization/ueot-core/UEOT/V3/InformationBinaryPosterior.lean,V3/general,103,4282,3,2,5,3,0,0,0,0,0,72,2da0e685e9c58460584303c77857b6a106689dfa1031fe25e41ba409abfce124,3,3,2,9,0,0,UEOT_MAINTAINED
UEOT.V3.InformationCanonicalConditional,formalization/ueot-core/UEOT/V3/InformationCanonicalConditional.lean,V3/general,129,4935,4,1,5,3,0,0,0,0,0,104,c61def3f5be766768adafdd8a22e796251878a92eb795c432192ec62585aa7e8,4,5,2,6,0,0,UEOT_MAINTAINED
UEOT.V3.InformationCanonicalObjective,formalization/ueot-core/UEOT/V3/InformationCanonicalObjective.lean,V3/general,164,6492,3,1,4,5,0,0,0,0,0,133,4e869eba982a0df9717c57ef688d839e7fd850086aada2a60fcb2ec6f008e073,3,12,2,4,0,0,UEOT_MAINTAINED
UEOT.V3.InformationConditionalBinary,formalization/ueot-core/UEOT/V3/InformationConditionalBinary.lean,V3/general,130,5055,6,6,12,5,0,0,0,0,3,82,ffd4a8a334fc222d8897d6d46d590c7181bb8c4533789663cad51dd12f1a6608,6,3,2,6,0,0,UEOT_MAINTAINED
UEOT.V3.InformationConditionalBinaryEntropyLift,formalization/ueot-core/UEOT/V3/InformationConditionalBinaryEntropyLift.lean,V3/general,149,6432,9,3,12,4,0,0,0,0,2,121,02c71c79fc395051602ccd7b3469c90abe191468b5058f1d74bf312822903ca2,9,11,6,10,0,0,UEOT_MAINTAINED
UEOT.V3.InformationConditionalBinaryFiberBridge,formalization/ueot-core/UEOT/V3/InformationConditionalBinaryFiberBridge.lean,V3/general,110,4652,4,0,4,3,0,0,0,0,0,82,8b94a2733c922aa367a7e4d63cab6236ca1c80bdd324ae93503f22a5dda10a66,4,3,2,6,0,0,UEOT_MAINTAINED
UEOT.V3.InformationConditionalBinaryFiberMI,formalization/ueot-core/UEOT/V3/InformationConditionalBinaryFiberMI.lean,V3/general,76,3238,4,0,4,3,0,0,0,0,0,54,d9a37b0c16bd9070acf8774d40dd04f64dcca3180efd007ae8d8a78a5bc6e7fe,4,6,4,6,0,0,UEOT_MAINTAINED
UEOT.V3.InformationConditionalBinaryKLDecomposition,formalization/ueot-core/UEOT/V3/InformationConditionalBinaryKLDecomposition.lean,V3/general,104,4441,4,0,4,3,0,0,0,0,0,76,4a0c89edadd034d4742a6711a9269452b1f66ad76608d5474e21ce4793aaf8db,4,4,2,4,0,0,UEOT_MAINTAINED
UEOT.V3.InformationConditionalBinaryMutualEntropy,formalization/ueot-core/UEOT/V3/InformationConditionalBinaryMutualEntropy.lean,V3/general,115,5127,4,0,4,4,0,0,0,0,0,84,bd2f045b8b6e420a00afa23644dc59bf458ed53475134252b8a83e74a7382533,4,14,4,4,0,0,UEOT_MAINTAINED
UEOT.V3.InformationConditionalDiscreteEntropy,formalization/ueot-core/UEOT/V3/InformationConditionalDiscreteEntropy.lean,V3/general,99,3910,4,4,8,4,0,0,0,0,2,57,dab79c5805f822442a52e883ca0f5df713ea12781c21cc245a5d576420a5e802,4,1,1,1,0,0,UEOT_MAINTAINED
UEOT.V3.InformationConditionalMutual,formalization/ueot-core/UEOT/V3/InformationConditionalMutual.lean,V3/general,88,3309,2,3,5,3,0,0,0,0,1,49,3c41d616694c35cabc37ec6a2571dd0057106e8bd67bdc99c9361d4679f602ed,2,0,0,0,0,0,UEOT_MAINTAINED
UEOT.V3.InformationConditionalMutualKLDecomposition,formalization/ueot-core/UEOT/V3/InformationConditionalMutualKLDecomposition.lean,V3/general,106,4382,4,0,4,3,0,0,0,0,0,78,6a4d0d54c7d395a71b1e9fa680c075f3f3d7ae828967feb94ddb681816942728,4,4,2,5,0,0,UEOT_MAINTAINED
UEOT.V3.InformationConditionalRecoverableDiscrete,formalization/ueot-core/UEOT/V3/InformationConditionalRecoverableDiscrete.lean,V3/general,93,3625,2,3,5,2,0,0,0,0,0,51,e307a93325c2bc00712fb12b9e81d8624d96ef3231099af9f610006aa5273ef3,2,3,1,1,0,0,UEOT_MAINTAINED
UEOT.V3.InformationConditionalStatistic,formalization/ueot-core/UEOT/V3/InformationConditionalStatistic.lean,V3/general,154,6347,5,5,10,3,0,0,0,0,0,107,e898329bba82940ebd672c0bb187085df8a4b7cfc6757ef7f6a02b3ce7e2fe34,5,7,3,10,0,0,UEOT_MAINTAINED
UEOT.V3.InformationCore,formalization/ueot-core/UEOT/V3/InformationCore.lean,V3/general,72,2900,4,2,6,3,0,0,0,0,2,40,204cb2641fee04ea0828330f718d3a15819dfe71c4e82b2eb7042807f209aa54,4,0,0,0,0,0,UEOT_MAINTAINED
UEOT.V3.InformationCountableMarginalAC,formalization/ueot-core/UEOT/V3/InformationCountableMarginalAC.lean,V3/general,66,2429,2,0,2,5,0,0,0,0,0,57,e644b69a7008eb1ecdf6e96280cbf1da369b9a0dc71a7db5d655a35bb20e4698,2,6,2,2,0,0,UEOT_MAINTAINED
UEOT.V3.InformationDecoderConditionalFano,formalization/ueot-core/UEOT/V3/InformationDecoderConditionalFano.lean,V3/general,198,7763,5,3,8,3,0,0,0,0,0,157,99e40914f4d920c47a39b786c5343351d868c5ae8a4c6d03a994aecb7aa7b9e5,5,5,2,6,0,0,UEOT_MAINTAINED
UEOT.V3.InformationDecoderFano,formalization/ueot-core/UEOT/V3/InformationDecoderFano.lean,V3/general,78,2763,1,0,1,1,0,0,0,0,0,57,b9cb10adbfc606a754493fa1e85eda012ab5a8e9dd6c79a580991cde00e0a47f,1,1,1,1,0,0,UEOT_MAINTAINED
UEOT.V3.InformationDeterministicGraph,formalization/ueot-core/UEOT/V3/InformationDeterministicGraph.lean,V3/general,122,4370,5,2,7,2,0,0,0,0,2,98,1aa533330528a071d2fee353c09cbea99cb4de9c2db2ef90ed55a2755b2379b1,5,9,3,8,0,0,UEOT_MAINTAINED
UEOT.V3.InformationDiscreteEntropy,formalization/ueot-core/UEOT/V3/InformationDiscreteEntropy.lean,V3/general,210,9108,7,2,9,6,0,0,0,0,1,160,94fae6b0690a1327c55e65eed308b6572d63cc0dedd6324d0ed69cb717b335be,7,9,5,13,0,0,UEOT_MAINTAINED
UEOT.V3.InformationDiscreteLawCode,formalization/ueot-core/UEOT/V3/InformationDiscreteLawCode.lean,V3/general,249,8553,14,5,20,2,0,0,0,0,0,188,11b597937ea9160294f9f623ff53ed2cb9970119259bff7e36208c47c41cf261,14,16,12,18,0,0,UEOT_MAINTAINED
UEOT.V3.InformationEntropy,formalization/ueot-core/UEOT/V3/InformationEntropy.lean,V3/general,149,5756,5,3,8,4,0,0,0,0,0,113,8c575c74d2dfb4eb8b3475b5e98cda1708d0afcf5375bbdcc78a5d3ae8b4ca30,5,5,4,4,0,0,UEOT_MAINTAINED
UEOT.V3.InformationEntropyBound,formalization/ueot-core/UEOT/V3/InformationEntropyBound.lean,V3/general,117,5095,6,2,8,5,0,0,0,0,0,72,b0aecd3d6e139a7cca5f8ad147ebddda41e1d649aa8f1241d6facb0d3f1c2335,6,6,3,9,0,0,UEOT_MAINTAINED
UEOT.V3.InformationEventBernoulli,formalization/ueot-core/UEOT/V3/InformationEventBernoulli.lean,V3/general,91,3472,3,1,4,4,0,0,0,0,1,70,11c143c3a0236eee1780d7e56595fca693a0de6c73cef7bc70e47606ccf971ae,3,3,2,7,0,0,UEOT_MAINTAINED
UEOT.V3.InformationFin2KL,formalization/ueot-core/UEOT/V3/InformationFin2KL.lean,V3/general,203,8640,10,1,11,5,0,0,0,0,0,158,61f9d20a1ecfb1a96cfcf71f2d4e435b4a2e422978b0f133c6ea148553aa4dff,10,23,6,24,0,0,UEOT_MAINTAINED
UEOT.V3.InformationKernelKL,formalization/ueot-core/UEOT/V3/InformationKernelKL.lean,V3/general,103,4086,2,0,2,4,0,0,0,0,0,67,c1e52c980c95f8b5c33e516a4265296aedcb468bd657da36eb983ce4efff6a80,2,1,1,8,0,0,UEOT_MAINTAINED
UEOT.V3.InformationKernelKLMeasurable,formalization/ueot-core/UEOT/V3/InformationKernelKLMeasurable.lean,V3/general,115,4697,3,0,3,6,0,0,0,0,0,76,1a3d4d5a5ec8ec02fe094bf21bc8c9232836fb1f2c5a8219dfcc66d7e4a4da25,3,1,1,2,0,0,UEOT_MAINTAINED
UEOT.V3.InformationKernelPinsker,formalization/ueot-core/UEOT/V3/InformationKernelPinsker.lean,V3/general,176,7048,3,1,4,6,0,0,0,0,0,131,e6efee368b5d180edf0cc4eaf96f8702f5682e53df4265d95194ab8a1b072576,3,7,1,3,0,0,UEOT_MAINTAINED
UEOT.V3.InformationKernelTV,formalization/ueot-core/UEOT/V3/InformationKernelTV.lean,V3/general,209,8659,3,0,3,2,0,0,0,1,0,175,ef5c7b55370a524a94ba5e3c3beb8024d94616ea8c0b844b70413bea225f56fc,2,3,2,5,0,0,UEOT_MAINTAINED
UEOT.V3.InformationMemoryBound,formalization/ueot-core/UEOT/V3/InformationMemoryBound.lean,V3/general,94,3904,3,0,3,3,0,0,0,0,0,57,1829e10bd8aa633cedf20dcb63c2e4c3ead915414dc37d95d76071aeb30cb972,3,5,3,5,0,0,UEOT_MAINTAINED
UEOT.V3.InformationMutualInfoSymmetry,formalization/ueot-core/UEOT/V3/InformationMutualInfoSymmetry.lean,V3/general,78,2629,4,0,4,3,0,0,0,0,0,53,33f8fcfaa94bee5319415e79eb1eff95aa25ea3cc04df2fd6019a03d99417e03,4,6,2,8,0,0,UEOT_MAINTAINED
UEOT.V3.InformationPInfo02,formalization/ueot-core/UEOT/V3/InformationPInfo02.lean,V3/general,131,5069,3,1,4,2,0,0,0,0,1,91,2d332d85a3de7f57d8bb2a2a39a6faf859469dc7e4cf7ef5e01c89529ffd4939,3,4,2,3,1,0,UEOT_MAINTAINED
UEOT.V3.InformationPInfo04,formalization/ueot-core/UEOT/V3/InformationPInfo04.lean,V3/general,135,5070,7,3,10,6,0,0,0,0,2,94,0a6405182fd2c27f7e3794b1d023512210a46c2952cde6373c8330adadcc08b4,7,10,3,8,1,0,UEOT_MAINTAINED
UEOT.V3.InformationPInfo04Conditional,formalization/ueot-core/UEOT/V3/InformationPInfo04Conditional.lean,V3/general,155,6661,5,6,11,5,0,0,0,0,0,98,aa615e04be0b692afa068a3bc583e0ea7cad84a173abc342614302c618de0ba7,5,5,4,4,0,0,UEOT_MAINTAINED
UEOT.V3.InformationPInt01,formalization/ueot-core/UEOT/V3/InformationPInt01.lean,V3/general,88,3389,2,3,5,1,0,0,0,0,0,49,420fa88322f3a397dabda256f0660ab34f0f335c5e6c80cea2fb0bf8f3b03abe,2,2,1,3,0,0,UEOT_MAINTAINED
UEOT.V3.InformationPInt01Common,formalization/ueot-core/UEOT/V3/InformationPInt01Common.lean,V3/general,260,10516,7,7,14,3,0,0,0,0,0,197,99a7f997b303d08fc33499feeb92f115c05d4749521ec4698e78c53eaac47d4b,7,10,6,6,1,0,UEOT_MAINTAINED
UEOT.V3.InformationPacking,formalization/ueot-core/UEOT/V3/InformationPacking.lean,V3/general,143,5378,6,0,6,4,1,1,0,0,0,109,f1685b70503bc9ade8c15986be5bca40847e13a6327cc020979edd75f3aa5ecc,6,7,5,16,1,1,UEOT_MAINTAINED
UEOT.V3.InformationPinsker,formalization/ueot-core/UEOT/V3/InformationPinsker.lean,V3/general,450,19681,20,3,23,7,0,0,0,17,0,389,fb02778abc4a805510df507de76f261d8ee1d1dedf15a77dcd78651457b25279,5,4,2,4,0,0,UEOT_MAINTAINED
UEOT.V3.InformationPredictiveAchievability,formalization/ueot-core/UEOT/V3/InformationPredictiveAchievability.lean,V3/general,132,5330,4,3,7,3,0,0,0,0,0,93,0e4fc79af151c910e258f55562cc424bbc4241f74b478517dd163809ea7c66f5,4,6,2,7,0,0,UEOT_MAINTAINED
UEOT.V3.InformationPredictiveCMI,formalization/ueot-core/UEOT/V3/InformationPredictiveCMI.lean,V3/general,150,6319,4,3,7,4,0,0,0,0,0,101,9171027efebab259fdb953a29b0c870e48be51df6e8aaec6e194a65f4744087c,4,5,3,5,0,0,UEOT_MAINTAINED
UEOT.V3.InformationPredictiveCoreRecovery,formalization/ueot-core/UEOT/V3/InformationPredictiveCoreRecovery.lean,V3/general,150,5821,4,1,5,2,0,0,0,0,0,111,86110eff3ec38d2a4e08605254360074c9fead20b2a6364414aff9a71c3e42ff,4,9,4,5,0,0,UEOT_MAINTAINED
UEOT.V3.InformationPredictiveFactorization,formalization/ueot-core/UEOT/V3/InformationPredictiveFactorization.lean,V3/general,267,10862,11,4,15,3,0,0,0,0,2,206,1faa13ec3489bc32237aa2370ce176471527684e90c407f7ec546cc5b21e23cb,11,12,6,23,0,0,UEOT_MAINTAINED
UEOT.V3.InformationPredictiveFactorizationCanonical,formalization/ueot-core/UEOT/V3/InformationPredictiveFactorizationCanonical.lean,V3/general,71,2628,2,0,2,1,0,0,0,0,0,46,e3dbb53270d293851bd602971918503ffef72bcc2e81cfb7af2bffbe29595c0a,2,2,1,2,0,0,UEOT_MAINTAINED
UEOT.V3.InformationPredictiveFactorizationForward,formalization/ueot-core/UEOT/V3/InformationPredictiveFactorizationForward.lean,V3/general,160,6188,4,1,5,1,0,0,0,0,0,127,19759deb8099cf9fc07d5cd951f160a9e5d0fa101ff7db030b8229e751321264,4,10,2,5,0,0,UEOT_MAINTAINED
UEOT.V3.InformationPredictiveFactorizationReverse,formalization/ueot-core/UEOT/V3/InformationPredictiveFactorizationReverse.lean,V3/general,98,3841,2,0,2,1,0,0,0,0,0,74,881e2485965883c0f14a273416fe0ca8cf626a177dcd781583b183131e1f9c09,2,7,2,3,0,0,UEOT_MAINTAINED
UEOT.V3.InformationPredictiveRateZero,formalization/ueot-core/UEOT/V3/InformationPredictiveRateZero.lean,V3/general,226,9301,5,5,12,3,0,0,0,0,0,159,f7b5615812866d7eb00915709b816a0e820193dba7014f2786e034489fff9e2e,5,6,5,4,1,0,UEOT_MAINTAINED
UEOT.V3.InformationPredictiveSourceConverse,formalization/ueot-core/UEOT/V3/InformationPredictiveSourceConverse.lean,V3/general,63,2586,1,0,1,2,0,0,0,0,0,41,d9e2bfde12b3364473f5343bffaa2a490df6cb9be9ccd8dc6d555a488c176af2,1,2,1,1,0,0,UEOT_MAINTAINED
UEOT.V3.InformationPredictiveZeroTVRecovery,formalization/ueot-core/UEOT/V3/InformationPredictiveZeroTVRecovery.lean,V3/general,181,7094,3,2,5,3,0,0,0,0,0,136,b58c782970dc07be064495f306ab7146e542ae045835afdb219f17aa5f8e75ee,3,6,3,3,0,0,UEOT_MAINTAINED
UEOT.V3.InformationRandomEncoder,formalization/ueot-core/UEOT/V3/InformationRandomEncoder.lean,V3/general,145,5693,8,5,13,2,0,0,0,0,1,100,b58fa60f3d76a03aafde23ffdcd9a096a96f8161b7d7f11327c3f039f5cf3fa8,8,4,2,8,0,0,UEOT_MAINTAINED
UEOT.V3.InformationRandomEncoderSourceConditional,formalization/ueot-core/UEOT/V3/InformationRandomEncoderSourceConditional.lean,V3/general,77,2974,1,0,1,3,0,0,0,0,0,49,715c3386f07dda3392cc90e1ec575148b83e975fc0017dff8993feda5f338b4f,1,2,1,1,0,0,UEOT_MAINTAINED
UEOT.V3.InformationRandomEncoderSourceEntropy,formalization/ueot-core/UEOT/V3/InformationRandomEncoderSourceEntropy.lean,V3/general,75,2966,1,1,2,2,0,0,0,0,0,50,99081265ca468e11e3f0ecb9bcabbef997c37a5540862ff6a424b7d6b8ea12e0,1,4,1,1,0,0,UEOT_MAINTAINED
UEOT.V3.InformationRecoverableDiscrete,formalization/ueot-core/UEOT/V3/InformationRecoverableDiscrete.lean,V3/general,117,4538,5,1,6,3,0,0,0,0,0,83,3e4cd9b21b8aa2a21e378624433133cf2fad1dc403c6fe9a7be2fe171accf421,5,7,4,10,0,0,UEOT_MAINTAINED
UEOT.V3.InformationSharpFano,formalization/ueot-core/UEOT/V3/InformationSharpFano.lean,V3/general,140,5205,2,0,2,3,0,0,0,0,0,106,a9fcb38c6db1e8cab8e44a92428eb1202192aad707d7949d17211c9542d2a19d,2,1,1,2,0,0,UEOT_MAINTAINED
UEOT.V3.InformationStatistic,formalization/ueot-core/UEOT/V3/InformationStatistic.lean,V3/general,272,10547,13,6,19,3,0,0,0,0,0,213,3422833ac0f7eae43682372b2ac65890b52ad4e36d24fd9ba1f2240c1c6eb9a8,13,14,7,23,1,0,UEOT_MAINTAINED
UEOT.V3.InformationZeroTV,formalization/ueot-core/UEOT/V3/InformationZeroTV.lean,V3/general,72,2524,2,0,2,1,0,0,0,0,0,46,62bdcf1960e9ed05efd01760b55850c483f055c21c12e6e0468ff0e0b11db2be,2,4,2,7,0,0,UEOT_MAINTAINED
UEOT.V3.MMDTransport,formalization/ueot-core/UEOT/V3/MMDTransport.lean,V3/general,135,4947,6,8,14,3,0,0,0,0,1,79,76bbb6c85f80a64c97c98035d87a0269a13951b639a990fd1049bee1e0f8cc17,6,3,3,5,0,0,UEOT_MAINTAINED
UEOT.V3.MMDTransportSource,formalization/ueot-core/UEOT/V3/MMDTransportSource.lean,V3/general,35,1289,1,0,1,1,0,0,0,0,0,17,9f25da4ac40926754933bb8a01f3a3ca72db65020bb60d205cccc548128e3948,1,2,1,0,1,0,UEOT_MAINTAINED
UEOT.V3.MarkovBoundary,formalization/ueot-core/UEOT/V3/MarkovBoundary.lean,V3/general,136,4004,2,2,5,2,0,0,0,0,1,101,91f65c99e36cf1fa7457922a0cbd9f344c36074f6c474311a1f02ff7679cb6ed,2,1,1,1,1,0,UEOT_MAINTAINED
UEOT.V3.OmegaIntegrityMargin,formalization/ueot-core/UEOT/V3/OmegaIntegrityMargin.lean,V3/general,31,1165,1,1,2,1,0,0,0,0,0,12,0ec9a65e59527a30de2bb8aae68c494bf474e207967dec0e247a1020a59e4d72,1,0,0,4,1,0,UEOT_MAINTAINED
UEOT.V3.OmegaMinimalFailure,formalization/ueot-core/UEOT/V3/OmegaMinimalFailure.lean,V3/general,48,1669,1,2,3,1,0,0,0,0,0,21,f227a0d63bd353ca30480de704e6517af183f29a76856ee4bbf55dfd44a64332,1,1,1,3,1,0,UEOT_MAINTAINED
UEOT.V3.PAlg01,formalization/ueot-core/UEOT/V3/PAlg01.lean,V3/general,85,3226,1,0,1,2,0,0,0,0,0,54,f4238bfe5700e120bd3d10d363be31d3dd553e6f2090acffd5278a50a86adbb3,1,9,1,0,1,0,UEOT_MAINTAINED
UEOT.V3.PRef02,formalization/ueot-core/UEOT/V3/PRef02.lean,V3/general,110,4796,6,0,6,2,5,5,1,0,4,64,98b6165dcb7024994857c3b3db2de71a44af3a28dde3bfa71394801c6f377cd2,6,5,5,1,1,0,UEOT_MAINTAINED
UEOT.V3.PathError,formalization/ueot-core/UEOT/V3/PathError.lean,V3/general,702,25556,26,7,33,4,1,1,1,0,0,579,d561a56db79bbd5dd9d01673c5fa7970c7d31199356bd5169a416cd930d917ba,26,24,15,28,1,1,UEOT_MAINTAINED
UEOT.V3.PathEventIProjection,formalization/ueot-core/UEOT/V3/PathEventIProjection.lean,V3/general,175,6798,7,2,9,4,0,0,0,0,1,126,47bed4606e83d26bf6ad8f5b536cf6b44f8864e8b36e06dbd4e55fe865e58545,7,6,3,12,0,0,UEOT_MAINTAINED
UEOT.V3.PathEventIProjectionExact,formalization/ueot-core/UEOT/V3/PathEventIProjectionExact.lean,V3/general,84,3159,2,0,2,4,0,0,0,0,0,75,596052bd616a5b00db596e3d59a9708039914614d1b058d2a67dd0b3e935a229,2,6,2,3,0,0,UEOT_MAINTAINED
UEOT.V3.PathEventIProjectionGlobal,formalization/ueot-core/UEOT/V3/PathEventIProjectionGlobal.lean,V3/general,204,8114,10,3,14,2,0,0,0,0,0,155,93b1696f2bff6ad25af88be8c6d84f5c12ec73031059cb160a8f197ca5b1ec58,10,18,9,10,1,0,UEOT_MAINTAINED
UEOT.V3.PathEventKL,formalization/ueot-core/UEOT/V3/PathEventKL.lean,V3/general,48,1662,1,1,2,1,0,0,0,0,0,17,38daeb714b06f15a339691796dadc7fcbb2b6d9b912559cb7b5b53dcedba356a,1,1,1,1,1,0,UEOT_MAINTAINED
UEOT.V3.PathKLChain,formalization/ueot-core/UEOT/V3/PathKLChain.lean,V3/general,230,9066,7,4,11,4,0,0,0,0,0,185,780b01fdfdda32f9d8dfe1633ba8877e6da312c817eb7a97f0da8eeac294371d,7,17,4,9,1,0,UEOT_MAINTAINED
UEOT.V3.PersistenceOccupation,formalization/ueot-core/UEOT/V3/PersistenceOccupation.lean,V3/general,436,19960,13,3,17,7,2,2,0,0,0,362,cd1d97d7460a5ebac7b3182a49bc49eedfcb9bc681b1fa132a9c2a53d002fb5c,13,15,8,18,0,2,UEOT_MAINTAINED
UEOT.V3.PersistenceOmega,formalization/ueot-core/UEOT/V3/PersistenceOmega.lean,V3/general,196,8281,7,0,7,6,0,0,0,2,0,157,35854a531edaeced0f0536785c6a5b0ad22973740cf9cee447b7c0c866047e41,5,4,2,4,1,0,UEOT_MAINTAINED
UEOT.V3.PredictableOLS,formalization/ueot-core/UEOT/V3/PredictableOLS.lean,V3/general,185,6880,7,4,11,3,0,0,0,0,0,130,0b77fbc71e5e0372faa7487c34ddd42e1edafa10322f9f5089a0fbef0ef350d3,7,6,3,10,0,0,UEOT_MAINTAINED
UEOT.V3.PredictableOLSConditionalLift,formalization/ueot-core/UEOT/V3/PredictableOLSConditionalLift.lean,V3/general,49,1837,1,0,1,2,0,0,0,0,0,27,74edb478e53aff43abbd631da36d8c164d19266aba208ecc1ef6a56047e61e4b,1,0,0,1,0,0,UEOT_MAINTAINED
UEOT.V3.PredictableOLSConfidence,formalization/ueot-core/UEOT/V3/PredictableOLSConfidence.lean,V3/general,190,8113,5,2,7,2,0,0,2,0,0,154,83c4f97536403e487e8a1bea3e79ec96f51761141c214e7a71189332f6aef4ab,5,7,2,7,0,0,UEOT_MAINTAINED
UEOT.V3.PredictableOLSGoodGramConfidence,formalization/ueot-core/UEOT/V3/PredictableOLSGoodGramConfidence.lean,V3/general,120,4852,2,0,2,2,0,0,2,0,0,98,bac48cdf88b826ceaa5623f6b5a7725b488589ed72e4c86f4617c46ce6c24388,2,7,2,2,0,0,UEOT_MAINTAINED
UEOT.V3.PredictableOLSKernelFreeze,formalization/ueot-core/UEOT/V3/PredictableOLSKernelFreeze.lean,V3/general,48,2118,1,0,1,2,0,0,0,0,0,25,648cc5f034b71b67de99e24ba78c62042d757312b63638f8d2ba01abc84100a3,1,0,0,1,0,0,UEOT_MAINTAINED
UEOT.V3.PredictableOLSMultiplier,formalization/ueot-core/UEOT/V3/PredictableOLSMultiplier.lean,V3/general,64,2457,2,0,2,3,0,0,0,0,0,36,99376f647587408b22a99983848fd95e801d538bcbdf8101de887039a1fa6b52,2,0,0,0,0,0,UEOT_MAINTAINED
UEOT.V3.PredictableOLSNormalEquation,formalization/ueot-core/UEOT/V3/PredictableOLSNormalEquation.lean,V3/general,71,2364,1,2,3,2,0,0,0,0,0,47,172afbbb71d6c015f679878d31d8aa9977a4b04e991567c32fc2f521f7a314cc,1,1,1,1,0,0,UEOT_MAINTAINED
UEOT.V3.PredictableOLSPredictableMGF,formalization/ueot-core/UEOT/V3/PredictableOLSPredictableMGF.lean,V3/general,72,2668,1,0,1,2,0,0,0,0,0,51,27bfaf33a29b6b43823e48cc4f6da1402a193f0acb171cd16ceb938b5aa1ef83,1,0,0,1,0,0,UEOT_MAINTAINED
UEOT.V3.PredictableOLSProductIntegrability,formalization/ueot-core/UEOT/V3/PredictableOLSProductIntegrability.lean,V3/general,89,3578,1,0,1,2,0,0,0,0,0,68,90035342f51b4a46a063c4fdc4cc0138f6c988ee8398595cca38d2d59183de4a,1,0,0,1,0,0,UEOT_MAINTAINED
UEOT.V3.PredictableOLSRadius,formalization/ueot-core/UEOT/V3/PredictableOLSRadius.lean,V3/general,93,3716,3,2,5,4,0,0,0,0,0,69,1a8d64a305de95e6075ac8d06fdd4c9d211e779c195a8c26ed05d22b5d03bd4c,3,3,2,5,0,0,UEOT_MAINTAINED
UEOT.V3.PredictableOLSScore,formalization/ueot-core/UEOT/V3/PredictableOLSScore.lean,V3/general,112,4248,4,2,6,3,0,0,0,0,0,74,4562636b63a8819a004096e875ee1471402654f772e613d34273f795081f2bdf,4,4,3,5,0,0,UEOT_MAINTAINED
UEOT.V3.PredictableOLSSourceAdapted,formalization/ueot-core/UEOT/V3/PredictableOLSSourceAdapted.lean,V3/general,66,2399,2,2,4,2,0,0,0,0,0,39,5fb671d9f4e4f8ea110fa7fae94b1dc5486e17cf422f6df494a5f9bcc34dabb7,2,0,0,1,0,0,UEOT_MAINTAINED
UEOT.V3.PredictableOLSSourceConfidence,formalization/ueot-core/UEOT/V3/PredictableOLSSourceConfidence.lean,V3/general,141,5280,1,1,2,5,0,0,0,0,0,99,98b74800160eab155caae1834d9e1af6c98792dc98268f71c160336c667251c2,1,4,1,0,1,0,UEOT_MAINTAINED
UEOT.V3.PredictableOLSSourceIndex,formalization/ueot-core/UEOT/V3/PredictableOLSSourceIndex.lean,V3/general,44,1560,1,2,3,2,0,0,0,0,0,24,b3401e6a82fa9536f10133c080c4bb39bcbbd7e55bfc2f1d2022d0a8d73205cc,1,0,0,1,0,0,UEOT_MAINTAINED
UEOT.V3.PredictableOLSSourceMGF,formalization/ueot-core/UEOT/V3/PredictableOLSSourceMGF.lean,V3/general,71,2754,3,1,4,5,0,0,0,0,0,46,647c7ac55122f846414ade9179a1daaf2ca0bc21003fa262147e1b9f33c63e92,3,6,2,3,0,0,UEOT_MAINTAINED
UEOT.V3.PredictableOLSSourceScore,formalization/ueot-core/UEOT/V3/PredictableOLSSourceScore.lean,V3/general,95,3832,1,0,1,5,0,0,0,0,0,73,9c6d7220fa7cfde812074f833caf93b5568bf27a8a7a7ad206f32041de84acf9,1,4,1,1,0,0,UEOT_MAINTAINED
UEOT.V3.PredictableOLSTail,formalization/ueot-core/UEOT/V3/PredictableOLSTail.lean,V3/general,102,3877,3,0,3,3,0,0,0,0,0,75,849debca6d42ef115d44573dd4943814f55029e99c081a24028701e75cc55f58,3,2,2,3,0,0,UEOT_MAINTAINED
UEOT.V3.PredictionAE,formalization/ueot-core/UEOT/V3/PredictionAE.lean,V3/general,204,8859,16,3,19,4,0,0,0,0,1,152,75bb919a5e1c2c7b81cc36335a95400cb7d747c12a5c85f80c38e50affffa16f,16,10,7,14,0,0,UEOT_MAINTAINED
UEOT.V3.PredictionDependent,formalization/ueot-core/UEOT/V3/PredictionDependent.lean,V3/general,103,3922,7,1,8,1,0,0,0,0,0,81,54f2569cf7323471f9f4214a78df41ab53f276231f78645a810bba44e1172e92,7,5,3,3,0,0,UEOT_MAINTAINED
UEOT.V3.PredictionRefinement,formalization/ueot-core/UEOT/V3/PredictionRefinement.lean,V3/general,205,7207,11,5,16,2,0,0,0,0,1,155,4557b4ad1c515b92e451e8ab6bc5f3228c3f5ff81e58bf1d2afcdc7a93235b1b,11,9,7,9,1,0,UEOT_MAINTAINED
UEOT.V3.PredictionUpdate,formalization/ueot-core/UEOT/V3/PredictionUpdate.lean,V3/general,369,14094,13,5,19,3,0,0,0,0,0,256,1b223a41bf9cf1c3bd2db1c7a91852974571481f7ad8e5ab1b190083cf64b9d0,13,9,7,10,1,0,UEOT_MAINTAINED
UEOT.V3.PredictiveClassRecovery,formalization/ueot-core/UEOT/V3/PredictiveClassRecovery.lean,V3/general,175,6551,6,3,9,2,0,0,0,3,0,140,6602226449d5f44373f4cfaa2824f8359b9094fc6ce46927f96e441230625964,3,6,3,4,1,0,UEOT_MAINTAINED
UEOT.V3.ProcessInterface,formalization/ueot-core/UEOT/V3/ProcessInterface.lean,V3/general,163,6027,5,2,8,2,2,2,0,0,0,129,f265d57a8c1963cdd293b5c6a5af2908ae2b4babb872568442bc351eec7a098c,5,5,2,3,0,2,UEOT_MAINTAINED
UEOT.V3.QSDDurationWindow,formalization/ueot-core/UEOT/V3/QSDDurationWindow.lean,V3/general,113,4485,4,2,6,2,0,0,0,0,1,83,fe9bd10b93a9d2a15b4684f0e2bc3c4f91782f4d5c4e6e2dba7b268cdd1b57d5,4,2,1,2,1,0,UEOT_MAINTAINED
UEOT.V3.QSDPerron,formalization/ueot-core/UEOT/V3/QSDPerron.lean,V3/general,309,10696,12,4,16,2,0,0,0,0,0,234,461db88dd1a1a548c9104b2c20b1f9e3fb2d844dd197b464d80d9c47db559776,12,10,5,12,0,0,UEOT_MAINTAINED
UEOT.V3.QSDTVLimit,formalization/ueot-core/UEOT/V3/QSDTVLimit.lean,V3/general,526,20230,20,5,26,8,0,0,0,0,1,471,1b6e0658bad5eca35839365c6dfcba2503d6bac615663a1e708d62e4e2a65894,20,27,11,25,1,0,UEOT_MAINTAINED
UEOT.V3.RecoveryContinuous,formalization/ueot-core/UEOT/V3/RecoveryContinuous.lean,V3/general,183,6847,4,0,4,5,0,0,0,0,0,152,5c0ecb03c66a4b7bd1d6e9f6a3797244052904ececea7d3613d24694a7e7c6a8,4,1,1,3,0,0,UEOT_MAINTAINED
UEOT.V3.RecoveryDiscrete,formalization/ueot-core/UEOT/V3/RecoveryDiscrete.lean,V3/general,82,2596,4,0,4,4,0,0,0,0,0,61,aecdfe5b912054b53e94611ead167d5a3fddc5ea830be8fb30c46a4765b68257,4,3,2,4,0,0,UEOT_MAINTAINED
UEOT.V3.RecoveryDynkin,formalization/ueot-core/UEOT/V3/RecoveryDynkin.lean,V3/general,157,6590,5,0,6,1,0,0,0,0,0,111,7218bbaaac1f531f866b2ea429d7e19e819477552fcca7971822b9056fc4f26c,5,6,3,4,1,0,UEOT_MAINTAINED
UEOT.V3.RecoveryHitting,formalization/ueot-core/UEOT/V3/RecoveryHitting.lean,V3/general,116,4762,2,2,4,2,0,0,0,0,0,85,2b8d0287fc0481dfa798156c4df6915c2ffd15f4df726f7f04a19f476d94c5c5,2,3,2,1,0,0,UEOT_MAINTAINED
UEOT.V3.RecoveryHittingBound,formalization/ueot-core/UEOT/V3/RecoveryHittingBound.lean,V3/general,199,8001,8,0,8,1,0,0,0,0,0,150,1d73bf9f0d1f3e087efdbfce194718d93185a983fe3de5fa126a1c447233d7b7,8,13,7,10,1,0,UEOT_MAINTAINED
UEOT.V3.RecoveryHittingDrift,formalization/ueot-core/UEOT/V3/RecoveryHittingDrift.lean,V3/general,225,9761,7,1,8,1,0,0,0,0,0,180,29586d1ad177ce67447b7fd57d5d78e1510fde72d1a233e00dd4a35e9e0cabd1,7,18,7,9,0,0,UEOT_MAINTAINED
UEOT.V3.RecoveryHittingFirstStep,formalization/ueot-core/UEOT/V3/RecoveryHittingFirstStep.lean,V3/general,130,4560,8,1,9,1,0,0,0,0,0,97,a9fe5edb9d4e513f059b77470d38c48c28f765e128818eb52387cbac637ea3b6,8,7,6,16,0,0,UEOT_MAINTAINED
UEOT.V3.RecoveryHittingInitial,formalization/ueot-core/UEOT/V3/RecoveryHittingInitial.lean,V3/general,101,4026,3,0,3,1,0,0,0,0,0,77,c9431538616bbefb21fdf4b3f0b249d23730d29bcdcd66de85bc773137dcf381,3,7,3,6,0,0,UEOT_MAINTAINED
UEOT.V3.RecoveryHittingNonnegative,formalization/ueot-core/UEOT/V3/RecoveryHittingNonnegative.lean,V3/general,140,5567,6,9,15,2,0,0,0,0,0,91,cec8cde326d405a7419621f45ede0651159b0576f7060feb83ff987b09884865,6,4,4,29,0,0,UEOT_MAINTAINED
UEOT.V3.RecoveryHittingPoisson,formalization/ueot-core/UEOT/V3/RecoveryHittingPoisson.lean,V3/general,155,5669,6,0,6,1,0,0,0,0,0,109,7dfcc4028b422cabd7928067bd51e68e75fb249d83edb013bab771f7958c31d7,6,13,3,10,1,0,UEOT_MAINTAINED
UEOT.V3.RecoveryHittingRestart,formalization/ueot-core/UEOT/V3/RecoveryHittingRestart.lean,V3/general,250,9851,8,1,9,1,0,0,0,0,0,211,74dbd32f0307b30b3a56252a7c27b9cd15e154f5590f51e2e68e0792d178ae53,8,18,5,10,0,0,UEOT_MAINTAINED
UEOT.V3.RecoveryProbability,formalization/ueot-core/UEOT/V3/RecoveryProbability.lean,V3/general,196,7188,6,2,8,5,0,0,0,0,0,153,e2e9977188c871140c065ed0d848bcc854fd8d26bc32204997c5523174aa66f3,6,8,4,7,1,0,UEOT_MAINTAINED
UEOT.V3.ReflexiveControlledClosure,formalization/ueot-core/UEOT/V3/ReflexiveControlledClosure.lean,V3/general,119,4308,3,2,5,2,0,0,0,0,0,79,2c827caf183356c2ee98fb5c7c651eea722dd55ff7fdc356cc84f28b2d9c5f5c,3,4,3,3,0,0,UEOT_MAINTAINED
UEOT.V3.ReflexivePRef01,formalization/ueot-core/UEOT/V3/ReflexivePRef01.lean,V3/general,117,5001,4,1,5,3,0,0,0,0,0,69,00ac521101a9c136864d613b99407d802a75fdde3147aad4b2e39fdf4ed50951,4,5,4,1,1,0,UEOT_MAINTAINED
UEOT.V3.ReflexiveStateAugmentation,formalization/ueot-core/UEOT/V3/ReflexiveStateAugmentation.lean,V3/general,107,3949,1,6,7,4,0,0,0,0,0,71,54e0349c03e4539e0246025bb2004a0dbe6ae4d31cb541f17cc74084196b6371,1,0,0,3,0,0,UEOT_MAINTAINED
UEOT.V3.ReflexiveStatePathLaw,formalization/ueot-core/UEOT/V3/ReflexiveStatePathLaw.lean,V3/general,190,7075,2,9,11,3,0,0,0,0,0,136,1f5c7cbb068e8707a8a38822ad9f255e515c04e5a47881c6cce7610a5c1c73ad,2,1,1,4,0,0,UEOT_MAINTAINED
UEOT.V3.ReflexiveStatePathUniqueness,formalization/ueot-core/UEOT/V3/ReflexiveStatePathUniqueness.lean,V3/general,200,7082,6,3,9,2,0,0,0,0,1,151,6257c21701d91ead25f49979e869cfe64767646c000a691a641466619c9554ac,6,8,6,7,0,0,UEOT_MAINTAINED
UEOT.V3.ReflexiveStateSpecialCases,formalization/ueot-core/UEOT/V3/ReflexiveStateSpecialCases.lean,V3/general,138,5903,6,6,12,1,0,0,0,0,0,84,9de9576e88a78c096e47218618f71069d3972880b08c2f9efb3a5950dc725b99,6,3,2,4,0,0,UEOT_MAINTAINED
UEOT.V3.RepresentationCovariance,formalization/ueot-core/UEOT/V3/RepresentationCovariance.lean,V3/general,466,17740,24,7,31,5,0,0,0,0,2,350,8fefb4d93f7049606a1c23d31a5f4b4f6473c6060cc29f7e5e53f2c1d9f6d5cb,24,24,13,23,1,0,UEOT_MAINTAINED
UEOT.V3.RepresentationCovarianceFiniteValue,formalization/ueot-core/UEOT/V3/RepresentationCovarianceFiniteValue.lean,V3/general,119,5167,4,1,5,2,0,0,0,0,0,89,f32f52e300c8dff80ad5e8f5aaa0cb607a50d2e3270724dea0f0aa7d61bc9362,4,4,3,2,0,0,UEOT_MAINTAINED
UEOT.V3.Resolution,formalization/ueot-core/UEOT/V3/Resolution.lean,V3/general,313,10773,10,8,18,2,0,0,0,0,0,265,805b6425ee2d735cc56b7eb942010aa5139e331faf663d3448be0f43ba163e09,10,9,5,8,2,0,UEOT_MAINTAINED
UEOT.V3.ReversibleKilledSpectralQSD,formalization/ueot-core/UEOT/V3/ReversibleKilledSpectralQSD.lean,V3/general,772,29479,35,10,46,8,0,0,0,0,7,644,f66f757d79e76aee31f007605be9c2139db7d45f7c6a1719fa66a1bd4ef4bf80,35,53,19,52,1,0,UEOT_MAINTAINED
UEOT.V3.RewardInfinite,formalization/ueot-core/UEOT/V3/RewardInfinite.lean,V3/general,202,7000,10,1,11,4,0,0,1,0,0,176,51b3818cb035aed956006822949c37dbc706f35fb33e47113a0cefb2d6d81b14,10,10,6,10,1,0,UEOT_MAINTAINED
UEOT.V3.SelectionBridge,formalization/ueot-core/UEOT/V3/SelectionBridge.lean,V3/general,83,2609,4,3,8,3,2,0,0,0,2,48,b8f97af460029114d151a25fe9742a926f095878f9b3f2099725ca71c10051e7,4,3,3,4,1,0,UEOT_MAINTAINED
UEOT.V3.SingularValueEffectiveDimension,formalization/ueot-core/UEOT/V3/SingularValueEffectiveDimension.lean,V3/general,486,20514,23,6,29,5,0,0,0,0,0,397,c336f065cd36a5f331fa71d3462ca790953e5349fc27b40b47a28666231e7aa0,23,22,12,24,1,0,UEOT_MAINTAINED
UEOT.V3.StatisticalDefect,formalization/ueot-core/UEOT/V3/StatisticalDefect.lean,V3/general,194,7631,7,2,9,2,3,1,0,3,0,154,acf043effe89364adec73d1b2dae5a4d10504b10ac2cf984369a6baae69f1fe0,4,5,3,11,1,1,UEOT_MAINTAINED
UEOT.V3.StructuredQuotient,formalization/ueot-core/UEOT/V3/StructuredQuotient.lean,V3/general,125,4268,5,7,12,1,0,0,0,0,0,89,9ee2629f0e891cdcba727d8c4e95da61f30c07068f55f99a164b78337a827a5b,5,4,2,5,0,0,UEOT_MAINTAINED
UEOT.V3.SymmetricKilledSpectralStability,formalization/ueot-core/UEOT/V3/SymmetricKilledSpectralStability.lean,V3/general,408,16790,17,2,22,9,0,0,0,0,2,353,c27d79e0ec7d46b0ea23d2ecbc0a6a69819a70b2b4f224348f9e62163820953a,17,19,9,17,1,0,UEOT_MAINTAINED
UEOT.V3.TVKernel,formalization/ueot-core/UEOT/V3/TVKernel.lean,V3/general,59,2097,2,0,2,3,0,0,0,0,0,44,cf79d540e0e9d8468346b19e495358cb71b3844bc8e4e9e97527a9f263c7f210,2,3,1,2,0,0,UEOT_MAINTAINED
UEOT.V3.TVSpan,formalization/ueot-core/UEOT/V3/TVSpan.lean,V3/general,133,5149,4,1,5,2,0,0,0,0,0,110,3394ed2c1f7d1ea677a2f44b9eae05e5f17c13d138d29fc5b8917314d4b3b4e3,4,4,2,10,1,0,UEOT_MAINTAINED
UEOT.V3.ThirdParty.CrooksJarzynski.ContinuousTimeJump,formalization/ueot-core/UEOT/V3/ThirdParty/CrooksJarzynski/ContinuousTimeJump.lean,V3/general,288,12211,9,5,14,3,0,0,0,0,0,199,d6de7879841e2b95df3fcebc9b67a0cc04b6204f467c297daa321982b2487ccc,9,11,6,16,0,0,VENDORED_ADAPTED_UPSTREAM
UEOT.V3.ThirdParty.CrooksJarzynski.ContinuousTimeJumpFiniteGenerator,formalization/ueot-core/UEOT/V3/ThirdParty/CrooksJarzynski/ContinuousTimeJumpFiniteGenerator.lean,V3/general,212,7688,13,9,23,3,0,0,0,0,2,135,fda8cf62c60713b3f7afacb62d9e5ff7f2790b15679a6b507b7fbe56c3eda51c,13,12,7,15,0,0,VENDORED_ADAPTED_UPSTREAM
UEOT.V3.ThirdParty.CrooksJarzynski.ContinuousTimeJumpFiniteGeneratorFullPath,formalization/ueot-core/UEOT/V3/ThirdParty/CrooksJarzynski/ContinuousTimeJumpFiniteGeneratorFullPath.lean,V3/general,189,8118,5,2,7,2,0,0,0,0,0,128,19ada3c9a9219dc6d7ec404554a998f1a39162beaba32f24e9696cfcbdf4caa8,5,10,4,4,0,0,VENDORED_ADAPTED_UPSTREAM
UEOT.V3.ThirdParty.CrooksJarzynski.ContinuousTimeJumpFiniteGeneratorPathLaw,formalization/ueot-core/UEOT/V3/ThirdParty/CrooksJarzynski/ContinuousTimeJumpFiniteGeneratorPathLaw.lean,V3/general,729,31443,30,17,47,3,0,0,0,0,0,545,af026f13dc4060fd2e8d00592d6d11332e70d6c9e1a5a228452bbdcb38b52376,30,37,18,45,0,0,VENDORED_ADAPTED_UPSTREAM
UEOT.V3.ThirdParty.CrooksJarzynski.ContinuousTimeJumpFull,formalization/ueot-core/UEOT/V3/ThirdParty/CrooksJarzynski/ContinuousTimeJumpFull.lean,V3/general,180,6755,9,4,13,2,0,0,0,0,1,131,b6ec0768f692a36fb7dff30891f3f44003273448365fa203e43772a82509926a,9,11,5,20,0,0,VENDORED_ADAPTED_UPSTREAM
UEOT.V3.ThirdParty.CrooksJarzynski.ContinuousTimeJumpHorizon,formalization/ueot-core/UEOT/V3/ThirdParty/CrooksJarzynski/ContinuousTimeJumpHorizon.lean,V3/general,205,7829,10,4,14,4,0,0,0,0,0,145,71d826096e084eccd85ae4ab64163b186b8678ba46588071544a768a2c5d434c,10,9,7,12,0,0,VENDORED_ADAPTED_UPSTREAM
UEOT.V3.ThirdParty.CrooksJarzynski.ContinuousTimeJumpLocalBalance,formalization/ueot-core/UEOT/V3/ThirdParty/CrooksJarzynski/ContinuousTimeJumpLocalBalance.lean,V3/general,285,12677,4,8,12,2,0,0,0,0,0,231,36fc05f77fcc64b0a02282247ce11d52a2565a3b711fbbe0d002101db88eb722,4,6,3,3,0,0,VENDORED_ADAPTED_UPSTREAM
UEOT.V3.ThirdParty.CrooksJarzynski.ContinuousTimeJumpRenewalIntegrals,formalization/ueot-core/UEOT/V3/ThirdParty/CrooksJarzynski/ContinuousTimeJumpRenewalIntegrals.lean,V3/general,444,19021,7,3,10,3,0,0,0,2,0,387,ee6f452e02d5dd0886f78f30c461446f0297a94923fbdad3b18991f4b681574b,5,7,3,4,0,0,VENDORED_ADAPTED_UPSTREAM
UEOT.V3.ThirdParty.CrooksJarzynski.ContinuousTimeJumpSimplex,formalization/ueot-core/UEOT/V3/ThirdParty/CrooksJarzynski/ContinuousTimeJumpSimplex.lean,V3/general,571,24769,28,13,41,6,0,0,0,2,3,428,c2d22cd7399479127a39ce7e0542c684017e6c067f905ee3bbd0bf0567c97dcc,26,21,13,48,0,0,VENDORED_ADAPTED_UPSTREAM
UEOT.V3.ThirdParty.CrooksJarzynski.ContinuousTimeJumpTrajectory,formalization/ueot-core/UEOT/V3/ThirdParty/CrooksJarzynski/ContinuousTimeJumpTrajectory.lean,V3/general,443,16657,35,7,42,1,0,0,0,2,3,348,bed8d283cd74c0ae6ecf23307d6bf67ce4908b8b8fa74e8fb3aa1803ad45306d,33,34,21,29,0,0,VENDORED_ADAPTED_UPSTREAM
UEOT.V3.ThirdParty.CrooksJarzynski.MeasureProtocol,formalization/ueot-core/UEOT/V3/ThirdParty/CrooksJarzynski/MeasureProtocol.lean,V3/general,279,12600,12,4,16,3,0,0,0,0,2,190,f1b6c622fe9b88d26cdec1eae78656d930fcca0ab6c20e8a105edfd5edd43587,12,8,7,14,0,0,VENDORED_ADAPTED_UPSTREAM
UEOT.V3.Threshold,formalization/ueot-core/UEOT/V3/Threshold.lean,V3/general,61,2218,4,0,4,3,0,0,0,0,0,53,ea2580358ab0400b1089e79db548e347f223cbd10398d3ac034880b38a5f6170,4,2,2,4,2,0,UEOT_MAINTAINED
UEOT.V3.TotalVariation,formalization/ueot-core/UEOT/V3/TotalVariation.lean,V3/general,127,4250,8,2,10,4,0,0,0,0,0,95,f048fa2b68ca691f326395f940a29b6f8b50822910b6d0a9dda43700caf1dbe6,8,8,6,74,1,0,UEOT_MAINTAINED
UEOT.V3.TransportDefect,formalization/ueot-core/UEOT/V3/TransportDefect.lean,V3/general,163,6324,4,1,6,3,0,0,0,0,0,129,885d717e586a6fd9d057e3d8fdfeb4ca8a07c25ddec2b51b382fca887726f7aa,4,8,4,11,1,0,UEOT_MAINTAINED
UEOT.V3.VariationBridge,formalization/ueot-core/UEOT/V3/VariationBridge.lean,V3/general,158,5960,10,1,11,4,0,0,0,0,1,127,5a435f0703f066fb174069f8b95c1980a4eac020a4d0c6c199517adfb024bcac,10,16,9,13,0,0,UEOT_MAINTAINED
UEOT.V3.ViabilityKernel,formalization/ueot-core/UEOT/V3/ViabilityKernel.lean,V3/general,243,8905,16,5,21,5,0,0,0,0,1,176,d18d51f277cd07ce4ca3ceeeef13d3bf78ef68ca8519f44ea9e76b981015e0ef,16,14,7,44,0,0,UEOT_MAINTAINED
UEOT.V3.ViabilityPath,formalization/ueot-core/UEOT/V3/ViabilityPath.lean,V3/general,63,2318,2,0,2,2,0,0,0,0,0,36,71737ea8c497838def2aac8fab5d905738b582c1ba7028f17545a78c98f4b99a,2,1,1,3,0,0,UEOT_MAINTAINED
UEOT.V3.ViabilitySource,formalization/ueot-core/UEOT/V3/ViabilitySource.lean,V3/general,59,2314,1,0,1,2,0,0,0,0,0,32,eb8fedf2b5edf444c0e74bd0ca2e555f141fa55f498f07bf77f2e2b9fc7d5059,1,4,1,2,1,0,UEOT_MAINTAINED
UEOT.V3.ViabilityStrategy,formalization/ueot-core/UEOT/V3/ViabilityStrategy.lean,V3/general,154,6147,5,5,11,1,0,0,0,0,0,98,869464115bf62f40613d943c18e87579a942e3602e6e222a04b14b44d5ff8167,5,8,3,6,0,0,UEOT_MAINTAINED
UEOT.V3.ViabilityTangency,formalization/ueot-core/UEOT/V3/ViabilityTangency.lean,V3/general,83,3210,1,0,1,3,0,0,0,0,0,47,d03df3fc35ed21ff026b34e428b3c0a5f50f923b1f0c7f9f286cce4f3ecc8060,1,0,0,0,1,0,UEOT_MAINTAINED
UEOT.V3.ViabilityTrajectory,formalization/ueot-core/UEOT/V3/ViabilityTrajectory.lean,V3/general,229,9057,8,2,10,5,0,0,0,0,0,180,413d882183ef6dcf6508782dc29d68ec5905ee0fd78843dc807e28265073aafd,8,12,6,17,0,0,UEOT_MAINTAINED
